id;make;address;all;num3d;our;over;remove;internet;order;mail;receive;will;people;report;addresses;free;business;email;you;credit;your;font;num000;money;hp;hpl;george;num650;lab;labs;telnet;num857;data;num415;num85;technology;num1999;parts;pm;direct;cs;meeting;original;project;re;edu;table;conference;charSemicolon;charRoundbracket;charSquarebracket;charExclamation;charDollar;charHash;capitalAve;capitalLong;capitalTotal;type
501;0;0;0;0;0;0;0;0;0;0;0;0;0;0;0;0;0;0;0;0;0;0;0;0;0;0;0;0;0;0;0;0;0;0;0;0;0;0;0;0;0;0;0;0;0;0;0;0;0;0;0;0;0;0;3;16;33;spam
502;0;0;0;0;0;0;0;1.12;0;0;0;0;0;0;0;0;0;0;0;0;0;0;1.12;0;0;0;0;0;0;0;0;0;0;0;0;0;0;0;0;0;0;0;0;0;1.12;0;0;0;0;0.204;0;0.408;0.408;0;4.1;25;82;spam
503;0;0;0.48;0;0.48;0;0;0.48;0;0;0;0.96;0;0;1.93;0;0.48;0.48;2.41;0;2.41;0;3.38;0;0;0;0;0;0;0;0;0;0;0;0;0;0;0;0.48;0.48;0;0;0;0;0;0;0;0;0;0.084;0;0.084;0.761;0;5.322;46;165;spam
504;0.08;0.08;0.76;0;0.85;1.02;0.25;0.17;0.59;0.08;0.17;0.59;0.17;0;2.21;0.25;0.08;0.93;1.61;0.17;0.42;0;0.85;0.08;0;0;0;0;0;0;0;0;0;0;0;0;0;0;0;0.08;0;0;0.17;0.08;0.08;0.08;0;0;0;0.063;0;0.394;0.114;0.012;7.54;669;1410;spam
505;0;0;0.19;0;0.19;0;0;0.19;0.19;0.19;0;0.19;0.19;0;0;0.76;0;0;0.95;0;1.14;0;0;0;0;0;0;0;0;0;0;0;0;0;0;0.19;0;0;0.19;0;0;0;0.38;0;0.19;0;0;0;0;0.058;0;0.264;0;0;4.053;93;381;spam
506;0;0.35;0.35;0;1.07;0;0;0.35;0;1.07;0;0.71;0;0;0;0;0.71;0.71;2.85;0;2.5;0;1.42;0;0;0;0;0;0;0;0;0;0;0;0;0;0;0;0;0.35;0;0;0;0;0.35;0;0;0;0;0.233;0;0.233;0.233;0;3.414;25;140;spam
507;0;0;0;0;0;0;0.31;0;0;0;0;1.26;0;0;0;0;0;0.31;1.9;0;0.31;0;0.31;0;0;0;0;0;0;0;0;0;0;0;0;0.31;0;0;0;0;0;0;0;0;0;0;0;0;0.043;0.086;0;0.13;0.173;0.26;3.244;60;279;spam
508;0.4;0.4;0.26;0;0.13;0.2;0.06;0.33;0;1.14;0.33;1.07;1;0;0.26;0.4;0.06;0;4.1;0;0.94;0;0.53;0.26;0;0;0;0;0;0;0;0;0;0;0;0;0;0;0;0;0;0;0;0;0;0;0;0;0;0.088;0;1.06;0.151;0.05;4.623;123;1045;spam
509;0;0.39;1.18;0;0.39;0;0;0;0;0.78;0.78;0.78;0;0;0.39;3.54;0;0;1.18;0;1.18;0;0;0;0;0;0;0;0;0;0;0;0;0;0;0;0;0;0;0;0;0;0;0;0.39;0;0;0;0;0.064;0;0.843;0.129;0.064;5.87;42;364;spam
510;0;0;0;0;0;0;0;4.62;0;0;0;0;0.92;0;0;0;0.92;0;0;0;0;0;1.85;0;0;0;0;0;0;0;0;0;0;0;0;0;0;0;0;0;0;0;0;0;0;0;0;0;0;0;0;0.919;0.367;0;2.84;16;71;spam
511;0.32;0.28;0.57;0;0.12;0.2;0.16;0.2;0;0.32;0.08;0.98;0.41;0.04;0.04;0;0;0.41;3.74;0;1.64;0;0.45;0.53;0.04;0.04;0;0;0;0;0;0;0;0;0;0;0;0;0;0;0;0;0.08;0;0;0;0;0;0;0.171;0;0.507;0.493;0.028;5.608;133;1991;spam
512;0;0.43;0.87;0;0;0;0;0;0.43;0.43;0.43;0;0;0;0;0;0;0;6.14;0;0.43;0;0;0.87;0;0;0;0;0;0;0;0;0;0;0;0;0;0;0;0;0;0;0;0;0;0;0;0;0.075;0.075;0;0;0.151;0;5.086;33;117;spam
513;0;0;0.53;0;0.53;0;0;0.53;0;0;0;1.06;0;0;2.12;0;0.53;0.53;2.65;0;2.65;0;1.59;0;0;0;0;0;0;0;0;0;0;0;0;0;0;0;0.53;0.53;0;0;0;0;0;0;0;0;0;0.186;0;0.093;0.466;0;5.038;60;131;spam
514;0.35;0.08;0.35;0;0.35;0;0;0.52;0.61;1.76;0.17;0.26;0.79;0;0.26;0;0.7;0.35;2.64;0;2.03;0;0.61;0.7;0;0;0;0;0;0;0;0;0;0;0;0.08;0;0;0.08;0.17;0;0;0;0;0.17;0;0;0;0;0.081;0;0.556;0.069;0.011;19.234;1170;3116;spam
515;0.51;0.17;0.51;0;1.7;0.34;0;0;0.85;0.17;0;0.68;0.17;0.34;0;0.17;0.17;0;2.9;0;2.05;0;0.68;1.36;0;0;0;0;0;0;0;0;0;0;0;0;0;0;0;0;0;0;0;0;0;0;0;0;0;0;0;0.387;1.961;0.025;11;183;660;spam
516;0.53;0;0;0;0;0;0;0;0;0;0;0;0;0;0;0;0.53;0;1.6;0;1.06;0;0;0;0;0;0;0;0;0;0;0;0;0;0;0;0;0;0;0;0;0;0;0;0;0;0;0;0;0.062;0;0.311;0;0;1.954;11;43;spam
517;0.26;0.72;0.85;0;0;0.19;0.06;0.33;0.72;0.46;0.72;0.79;0.19;1.05;0.06;0.59;0.19;0.33;3.5;0.06;1.52;0;0.06;0.06;0;0;0;0;0;0;0;0;0;0;0;0;0;0;0;0.06;0;0;0;0;0.06;0;0;0;0;0.131;0;0.101;0.101;0.202;4.398;79;1280;spam
518;0;0;0;0;0;0;0;0;0;0;0;0;0;0;0;0;0;0;0;0;0;0;0;0;0;0;0;0;0;0;0;0;0;0;0;0;0;0;0;0;0;0;0;0;1.17;0;0;0;0;0.417;0;0.208;0.626;0;4.066;17;61;spam
519;0;0;0.52;0;0;1.05;0.52;0;0;0;0;0;0;0;0;1.05;0;0;2.63;0;0;0;1.05;0;0;0;0;0;0;0;0;0;0;0;0;0;0;0;0;0;0;0;0;0;0;0;0;0;0;0.194;0;0.291;0;0;3.333;43;120;spam
520;0.31;0;0;0;0;0;0;0;0;0;0.31;0.31;0.31;0;0;0;0.31;0;2.79;0;1.55;0;0;0;0;0;0;0;0;0;0;0;0;0;0;0.31;0;0;0;0;0;0;0;0;0;0;0;0;0.114;0;0;0.057;0;0;2.972;18;110;spam
521;0;0;0;0;0;1.29;0;0.64;0;0;0;0;0;0;0;0;0;0;3.87;0;0.64;0;0;0;0;0;0;0;0;0;0;0;0;0;0;0;0;0;0;0;0;0;0;0;0;0;0;0;0;0;0;1.116;0.111;0;1.8;12;63;spam
522;0;0;0;0;0;1.28;0;0.64;0;0;0;0;0;0;0;0;0;0;3.84;0;0.64;0;0;0;0;0;0;0;0;0;0;0;0;0;0;0;0;0;0;0;0;0;0;0;0;0;0;0;0;0;0;1.103;0.11;0;1.777;12;64;spam
523;0;0;0.15;0;0.62;0;0.31;0;1.09;0;0;0;0.46;0;0;0.15;0.15;1.4;2.19;0;1.09;0;0.62;0;0;0;0;0;0;0;0;0;0;0;0;0;0;0;0;0;0;0;0;0;0;0;0;0;0;0.252;0;0.378;4.017;0;3.278;23;259;spam
524;0;0.11;0.35;0;1.18;0.47;0.23;0.35;0;0.11;0.11;0.95;0;0.11;0;2.13;0.95;0.23;1.9;0.35;0.35;0;0.59;0.11;0;0;0;0;0;0;0;0;0;0;0;0.35;0;0;0;0.11;0;0;0;0;0;0;0;0;0;0.057;0;0.42;0.191;0.21;8.026;283;1509;spam
525;0.09;0;0.27;0;0.36;0.09;0;0.18;0.09;0;0;0.73;0;0.36;0;0;0;0;2.01;0;3.38;0;0.36;0.09;0;0;0;0;0;0;0;0;0;0;0;0;0;0;0;0;0;0;0;0;0.27;0;0;0;0.015;0.046;0.031;0.249;0.031;0.031;3.689;69;535;spam
526;0;0;0.47;0;0.47;0;0;0.47;0;0;0;0.94;0;0;1.88;0;0.47;0.47;2.83;0;2.35;0;1.41;0;0;0;0;0;0;0;0;0;0;0;0;0;0;0;0.47;0.47;0;0;0;0;0;0;0;0;0;0.164;0;0.082;0.41;0;5.074;60;137;spam
527;0.14;0.14;0.29;0;0;0;0;0;1.03;0.29;0.14;0.59;0;0;0;0;0;0.14;2.36;0.14;0.88;0;0;0.44;0;0;0;0;0;0;0;0;0;0;0;0;0;0.29;0;0;0;0;0;0;0;0;0;0;0;0.205;0;0.153;0.128;0.102;2.686;73;368;spam
528;0;0;0;0;0.81;0;0;0;0;0;0;0;0;0;0;0;0;0;0.81;0;1.63;0;0;0;0;0;0;0;0;0;0;0;0;0;0;0;0;0;0;0;0;0;0;0;0;0;0;0;0;0;0;0.125;0;0;3.871;26;151;spam
529;0.14;0.14;0.29;0;0;0;0;0;1.03;0.29;0.14;0.59;0;0;0;0;0;0.14;2.36;0.14;0.88;0;0;0.44;0;0;0;0;0;0;0;0;0;0;0;0;0;0.29;0;0;0;0;0;0;0;0;0;0;0;0.205;0;0.153;0.128;0.102;2.686;73;368;spam
530;0.5;0.4;0.33;0;0.13;0.03;0.13;0.1;0.54;0.77;0.3;0.7;0.54;1.14;0.03;0.27;0.43;0.03;3.2;0;1.45;0;0.37;0.6;0;0;0;0;0;0;0;0;0;0;0;0;0;0;0;0;0;0;0;0;0.06;0;0;0;0;0.071;0;0.456;0.5;0.11;6.049;129;2220;spam
531;0;0;0.2;0;0.4;0.2;0;0;0;0;0;0;0;0;0;0;0.61;0.4;2.45;0.2;0.61;4.49;0.61;0;0;0;0;0;0;0;0;0;0;0;0;0;0;0;0;0;0;0;0;0;0.2;0;0;0;0;0;0;0.382;0.223;0.478;7.538;55;490;spam
532;0.57;0;0.57;0;0;0;0;0.57;0;0;0;1.14;0;0;0;0;0;0;5.14;0;1.14;0;2.85;0;0;0;0;0;0;0;0;0;0;0;0;0;0;0;0;0;0;0;0;0;0;0;0;0;0;0;0;0.211;0.74;0;2.9;32;116;spam
533;0.59;0;0.59;0;0;0;0;0.59;0;0;0;1.18;0;0;0;0;0;0;5.32;0;1.18;0;2.95;0;0;0;0;0;0;0;0;0;0;0;0;0;0;0;0;0;0;0;0;0;0;0;0;0;0;0;0;0.109;0.763;0;3;32;114;spam
534;0;0;0.2;0;0.81;1.01;0;0;0;0;0.2;1.21;0;0;0;0;0;0.2;1.21;0;0;0;0.6;0.4;0;0;0;0;0;0;0;0;0;0;0;1.62;0.2;0;0;0;0;0;0;0;0;0;0;0;0;0.152;0;0.121;0.121;0;2.61;10;261;spam
535;0.19;0.19;0;0;1.55;0.19;0.77;0;0.19;0.19;0;0.77;0.58;0;0;0.19;0.58;2.33;0.77;0;0.38;0;0.19;0;0;0;0;0;0;0;0;0;0;0;0;0;0;0;0.19;0;0;0;0;0;0;0;0;0;0.03;0.061;0.03;0.185;0.216;0;1.948;11;113;spam
536;0;0;0;0;0;0;0;0;0;0;0;0;0;0;0;0;0;0;0;0;0;0;0;0;0;0;0;0;0;0;0;0;0;0;0;0;0;0;0;0;0;0;0;0;1.17;0;0;0;0;0.421;0;0.21;0.632;0;3.75;15;60;spam
537;0;0;0;0;0;0;0;0;0;0;0;0;0;0;0;0;0;0;0;0;0;0;0;0;0;0;0;0;0;0;0;0;0;0;0;0;0;0;0;0;0;0;0;0;1.17;0;0;0;0;0.407;0;0.203;0.61;0;4.133;17;62;spam
538;0;0;0.53;0;0.21;0.1;0.1;0.53;0.1;0.21;0;0.64;0;0;0;0;0.1;0;0;0;0;0;0.74;0;0;0;0;0;0;0;0;0;0;0;0;0;0;0;0;0;0;0;0;0;0;0;0;0;0;0.097;0;0.016;0.065;0;2.104;29;381;spam
539;0.9;0;0;0;0;0;0.9;0;0;0;0;0;0;0;0;0;0.9;0.9;1.81;0;2.72;0;0;0.9;0;0;0;0;0;0;0;0;0;0;0;0;0;0;0;0;0;0;0;0;0;0;0;0;0;0;0;0.537;0;0;2.782;19;64;spam
540;0;0;0;0;0;0;1.02;0;0;0;0;2.04;0;0;0;2.04;0;2.04;3.06;0;1.02;0;0;0;0;0;0;0;0;0;0;0;0;0;0;0;0;0;0;0;0;0;0;0;0;0;0;0;0;0.17;0;0;0.17;0;1.47;4;25;spam
541;0;0.56;0.28;0;0;0;0.56;0;0;0.56;0.28;0.56;0.28;0;0;1.41;0.28;0;1.97;0;1.12;0;0;0;0;0;0;0;0;0;0;0;0;0;0;0;0;0;0;0;0;0;0;0;0.28;0;0;0;0;0.114;0;0.153;0;0.153;9.25;394;555;spam
542;0;0;0;0;0;0;0;0;0;0;0;0;0;0;0;0.92;0.46;0.92;1.85;0.46;1.85;0.46;0.46;0;0;0;0;0;0;0;0;0;0;0;0;0;0;0;0;0;0;0;0;0;0;0;0;0;0;0.142;0;0.142;0.5;0.285;1.636;10;126;spam
543;0.28;0;0.28;0;1.43;0.28;0;0.14;0;0;0;1.14;0;0;0;0.14;0.42;0;3.86;0;1.28;0;0.14;0.42;0;0;0;0;0;0;0;0;0.14;0;0;0;0;0;0;0;0;0;0;0.14;0;0;0;0;0;0.047;0;0.094;0.118;0.023;1.42;27;250;spam
544;0;0;0;0;0.87;0;0;1.16;0;0;0.29;1.74;0;0;0;0;0.87;0;4.95;0;2.91;0;0;0;0;0;0;0;0;0;0;0;0;0;0;0;0;0;0;0;0;0;0;0;0;0;0;0;0.151;0;0;0;0;0;1.095;4;46;spam
545;0;0.55;0.55;0;2.23;0.55;0;0.55;0;0;0.55;0;0;0;0;0;0;1.11;1.67;0;2.23;0;0;0.55;0;0;0;0;0;0;0.55;0;0;0;0;0;0.55;0;0;0;0;0;0;0;0;0;0;0;0;0.265;0;0.088;0.353;0;2.571;11;108;spam
546;0;0;0;0;0;0;0;0;0;0;0;0;0;0;0;0;0;0;12.5;0;0;0;0;12.5;0;0;0;0;0;0;0;0;0;0;0;0;0;0;0;0;0;0;0;0;0;0;0;0;0;0;0;0;0;0;1;1;2;spam
547;0;0;0;0;0.81;0;0;0;0;0;0;0;0;0;0;0;0;0;0.81;0;1.63;0;0;0;0;0;0;0;0;0;0;0;0;0;0;0;0;0;0;0;0;0;0;0;0;0;0;0;0;0;0;0.121;0;0;3.871;26;151;spam
548;0;1.47;0;0;0;0;0;0;0;1.47;0;0;0;0;0;0;0;1.47;4.41;0;0;0;0;1.47;0;0;0;0;0;0;0;0;0;0;0;0;0;0;0;0;0;0;0;0;0;0;0;0;0;0;0;0;0;0;2.333;12;21;spam
549;0.26;1.07;0;0;1.61;0;1.07;0.26;0.26;0;0;0.8;0;0;0;0;0;1.61;3.5;0;1.34;0;0;0.26;0;0;0;0;0;0;0;0;0;0;0;0;0;0;0;0;0;0;0;0;0.8;0;0;0;0;0.092;0;0.324;0;0;7.369;52;339;spam
550;0.33;0.67;0;0;0;0;0.67;0.33;0.33;0.33;0;0.67;0;0;0;0;0.67;1.01;2.02;0;0.67;0;0;0;0;0;0;0;0;0;0;0;0;0;0;0;0;0;0;0;0;0;0;0;0;0;0;0;0;0;0;0;0.048;0;1.204;6;59;spam
551;0;0;0.4;0;0.4;0;0.4;0;0;0;0;0;0.4;0;0;0;0;0;2.04;0;0.4;0;0;0;0;0;0;0;0;0;0;0;0;0;0;0;0;0;0;0;0;0;0;0;0.4;0;0;0;0;0;0;0.11;0;0;1.594;11;118;spam
552;0.41;0;0.61;0;0.41;0.61;0;0.82;0.2;0.2;0.2;1.44;0;0;0;0.41;1.03;0.2;1.65;1.65;3.09;0;0.2;0.61;0;0;0;0;0;0;0;0;0;0;0;0;0;0;0;0;0;0;0;0;0;0;0;0;0;0.099;0;1.689;0.132;0;4.913;102;565;spam
553;0;0.9;1.81;0;0;0;0.9;3.63;0;1.81;0;0.9;0;0;0;0;0.9;0;2.72;0;3.63;0;0;0;0;0;0;0;0;0;0;0;0;0;0;0;0;0;0;0;0;0;0;0;0;0;0;0;0;0;0;0.774;0;0;1;1;18;spam
554;0;2.66;0;0;2;0;0;0.66;0;0;0;2;1.33;0;0.66;0;0;6.66;3.33;0;1.33;0;0;0;0;0;0;0;0;0;0;0;0;0;0;0;0;0;0;0;0;0;0;0;0;0;0;0;0;0;0;0.111;0;0;2.133;7;32;spam
555;0.5;0.43;0.28;0;0.14;0.03;0;0.18;0.54;0.61;0.28;0.65;0.65;1.19;0.03;0.21;0.43;0.03;2.96;0;1.34;0;0.5;0.54;0;0;0;0;0;0;0;0;0;0;0;0;0;0;0;0;0;0;0;0;0.03;0;0;0;0.012;0.078;0;0.439;0.505;0.132;6.683;798;2426;spam
556;0.56;0;0.84;0;0.28;0.84;0;0.84;0.28;0.28;0.28;1.41;0;0;0;0;1.41;0;0.84;1.98;2.83;0;0.28;0.84;0;0;0;0;0;0;0;0;0;0;0;0;0;0;0;0;0;0;0;0;0;0;0;0;0;0.128;0;1.289;0.042;0;3.979;47;386;spam
557;0.33;0.16;0.33;0;0;0.16;0;0.16;0.16;0.08;0.16;0.57;0.24;0;0;0.16;0.24;0.24;3.47;0;2.06;0;0;0.66;0;0;0;0;0;0;0;0;0;0;0;0;0;0;0;0;0;0;0;0;0.66;0;0;0;0;0;0;0.213;0.113;0;3.15;76;441;spam
558;0;0.34;1.02;0;0.68;0.34;0.34;0;0;0;0;0.34;0;0;0;2.04;0;0.34;4.76;0;2.38;0;0;0.34;0;0;0;0;0;0;0;0;0;0;0;0;0;0;0;0;0;0;0;0;0;0;0;0;0;0.161;0;0.215;0;3.879;6.978;56;328;spam
559;0.64;0;0.25;0;0;0.38;0;0;0;0.25;0.64;0.25;1.03;0;0;0.77;0.9;0.12;1.93;0;0.51;0.12;0.12;1.03;0;0;0;0;0;0;0;0;0;0.12;0;0;0;0;0;0.12;0;0;0;0;0.12;0;0;0;0;0.161;0;1.082;0.299;0.092;5.274;146;981;spam
560;0;0;0.78;0;1.17;0;0;0;0;0;0;0.39;0;0;0;0.78;0;0;1.56;0;1.96;0;0;0.78;0;0;0;0;0;0;0;0;0;0;0;0;0;0;0;0;0;0;0;0;0;0;0;0;0;0;0;0;0.092;0;4.111;20;222;spam
561;0;0;0.49;0;1.48;0;0;0;0.49;0;0;0;0;0.16;0;0.66;0.33;0;0.82;0;0.49;0;0;0;0;0;0;0;0;0;0;0;0;0;0;0.16;0;0;0;0;0;0;0;0;0.16;0;0;0;0;0.197;0;0.616;0;0;5.778;128;549;spam
562;0;0;0.68;0;0;0;0;1.36;0;0;0.68;0.68;0;0;0;0;0;0;3.4;0;1.36;0;0.68;0.68;0;0;0;0;0;0;0;0;0;0;0;0;0;0;0;0;0;0;0;0;0;0;0;0;0;0;0;0.232;0.232;0;2.232;19;96;spam
563;0;0;0.32;0;0.64;0.64;0.64;0.32;0.32;0;0;0.32;0.32;0;0;0.32;0.32;0.32;2.25;0;3.21;0;0;0.32;0;0;0;0;0;0;0;0;0;0;0;0;0;0;0;0;0;0;0;0;0.64;0;0;0;0;0.156;0;0;0.156;0;1.752;19;149;spam
564;0;0.45;0;0;0.91;0;1.36;0;0;0;0;0.45;0;0;0;1.82;0.45;0;2.73;0;1.36;0;0;0;0;0;0;0;0;0;0;0;0;0;0;0;0;0;0;0;0;0;0;0;0;0;0;0;0;0;0;0.368;0;0;1.68;17;158;spam
565;0;1.25;0.62;0;0;0;1.25;0;0;0;0.62;0.62;0;0;0.62;2.5;0;1.25;5;0;1.25;0;0;0;0;0;0;0;0;0;0;0;0;0;0;0;0;0;0;0;0;0;0;0;0;0;0;0;0;0.045;0;0.225;0;0;2.35;29;134;spam
566;0;1.25;0.62;0;0;0;1.25;0;0;0;0.62;0.62;0;0;0.62;2.5;0;1.25;5;0;1.25;0;0;0;0;0;0;0;0;0;0;0;0;0;0;0;0;0;0;0;0;0;0;0;0;0;0;0;0;0.044;0;0.223;0;0;2.35;29;134;spam
567;2.43;0;0;0;0;0;0;0;0;0;0;0;0;0;0;0;0;0;0;0;0;0;0;0;0;0;0;0;0;0;0;0;0;0;0;0;0;0;0;0;0;0;0;0;0;0;0;0;0;0;0;0;0;0;3.666;13;44;spam
568;0;0;0;0;0;0;2.1;0;0;0;0;1.05;0;0;0;0;0;0;4.21;0;0;0;0;0;0;0;0;0;0;0;0;0;0;0;0;0;0;0;0;0;0;0;0;0;0;0;0;0;0;0;0;0;0;0;2.695;15;62;spam
569;0;0;0.99;0;0.24;0;0;0;0.24;0.49;0;0.49;0;0;0.24;0.24;0;0;0.24;0;0.49;0;0;0;0;0;0;0;0;0;0;0;0;0;0;0;0;0;0;0;0;0;0;0;0;0;0;0;0;0.035;0;0;0;0;5.555;209;400;spam
570;0.52;0.34;0.4;0;0.14;0.17;0.05;0.14;0.46;0.52;0.31;0.89;0.4;1.16;0.05;0.11;0.23;0.11;2.9;0;1.1;0;0.63;0.52;0;0;0;0;0;0;0;0;0;0;0;0;0;0;0;0;0;0;0;0;0.08;0;0;0;0;0.073;0;0.363;0.535;0.132;6.171;159;2771;spam
571;0;0;0;0;0;0;0;0;0;0;0;0;0;0;0;0;0;0;2.53;6.32;0;1.26;0;0;0;0;0;0;0;0;0;0;0;0;0;0;0;0;0;0;0;0;0;0;0;0;0;0;0;0;0;0.649;0;0.432;5.875;46;94;spam
572;0;0;0;0;0;0;0;3.12;0;0;0;0;0;0;0;0;0;0;0;0;0;0;0;0;0;0;0;0;0;0;0;0;0;0;0;0;0;0;0;0;0;0;0;0;1.04;0;0;0;0;0.189;0;0.189;0.189;0;3.857;25;81;spam
573;0;0;0;0;0;0;0;0;0;0;0;0;0;0;0;0;0;0;2.66;5.33;1.33;1.33;0;0;0;0;0;0;0;0;0;0;0;0;0;0;0;0;0;0;0;0;0;0;0;0;0;0;0;0;0;0.699;0;0.466;9.2;46;92;spam
574;0.5;0;0.75;0;0.25;0.25;0.25;0.5;0;0;0.5;2.26;0;0;0;0.5;1;0.25;4.03;0;2.01;0;0;0;0;0;0;0;0;0;0;0;0;0;0;0;0;0;0;0;0;0;0;0;0;0;0;0;0;0.034;0;0.375;0.034;0;4.2;60;231;spam
575;1.03;0;0;0;0;0;0;0;0;0;0;1.03;0;0;0;1.03;0;0;3.62;0;1.03;0;0;0.51;0;0;0;0;0;0;0;0;0;0;0;0;0;0;0;0;0;0;0;0;0;0;0;0;0;0;0;0.176;0.176;0;2.766;26;83;spam
576;1.18;0.39;0.59;0;0;0.98;0.19;0.19;1.38;0.39;0;0.98;0;0.19;0;0.98;0;0;2.56;0.39;1.38;0;0;1.38;0;0;0;0;0;0;0;0;0;0;0;0;0;0;0;0;0;0;0;0;0;0;0;0;0;0.231;0;0.745;0.308;0.025;6.652;76;632;spam
577;1.18;0.39;0.59;0;0;0.98;0.19;0.19;1.38;0.39;0;0.98;0;0.19;0;0.98;0;0;2.56;0.39;1.38;0;0;1.38;0;0;0;0;0;0;0;0;0;0;0;0;0;0;0;0;0;0;0;0;0;0;0;0;0;0.232;0;0.749;0.31;0.025;6.652;76;632;spam
578;1.18;0.39;0.59;0;0;0.98;0.19;0.19;1.38;0.39;0;0.98;0;0.19;0;0.98;0;0;2.56;0.39;1.38;0;0;1.38;0;0;0;0;0;0;0;0;0;0;0;0;0;0;0;0;0;0;0;0;0;0;0;0;0;0.23;0;0.741;0.306;0.025;6.652;76;632;spam
579;0;0;0;0;0;0;2.1;0;0;0;0;1.05;0;0;0;0;0;0;4.21;0;0;0;0;0;0;0;0;0;0;0;0;0;0;0;0;0;0;0;0;0;0;0;0;0;0;0;0;0;0;0;0;0;0;0;2.695;15;62;spam
580;0;0;0;0;0;0;0;0;0;0;0;0;0;2.1;0;0;0;0;0;0;0;0;0;0;0;0;0;0;0;0;0;0;0;0;0;1.05;0;0;0;0;0;0;0;0;1.05;0;0;0;0;0.169;0;0;0.338;0;4.047;29;85;spam
581;0.13;0.13;0.13;0;0.55;0.27;0.27;0.13;1.1;0.27;0;0.97;0.27;0;0.13;0;0;0;3.88;0.13;2.77;0;0.13;0.55;0;0;0;0;0;0;0;0;0;0;0;0;0;0;0;0.13;0;0;0;0;0;0;0;0;0;0.017;0;1.316;0.177;0;4.947;232;757;spam
582;0;0;0.46;0;0;0;0;0.15;0;0;0;0.15;0;0;0;0;0;0.46;0.93;0;0;0;0.46;0;0;0;0;0;0;0;0;0;0;0;0;0.15;0;0;0;0.93;0;0;0;0;0;0;0;0;0.071;0.071;0;0.095;0.023;0;62.75;1505;2761;spam
583;0.09;0;0.27;0;0.36;0.09;0;0.18;0.09;0;0;0.72;0;0.36;0;0;0;0;2;0;3.27;0;0.36;0.09;0;0;0;0;0;0;0;0;0;0;0;0;0;0;0;0;0;0;0;0;0.27;0;0;0;0.015;0.045;0.03;0.242;0.03;0.03;3.816;69;542;spam
584;0.13;0.13;0.13;0;0.55;0.27;0.27;0.13;1.11;0.27;0;0.97;0.27;0;0.13;0;0;0;3.91;0.13;2.65;0;0.13;0.55;0;0;0;0;0;0;0;0;0;0;0;0;0;0;0;0.13;0;0;0;0;0;0;0;0;0;0.018;0;1.294;0.182;0;4.745;232;726;spam
585;1.18;0.39;0.59;0;0;0.98;0.19;0.19;1.38;0.39;0;0.98;0;0.19;0;0.98;0;0;2.56;0.39;1.38;0;0;1.38;0;0;0;0;0;0;0;0;0;0;0;0;0;0;0;0;0;0;0;0;0;0;0;0;0;0.232;0;0.749;0.31;0.025;6.652;76;632;spam
586;0;0;0;0;0.28;0.86;0;0;0;0;0;0.57;0.28;0;0;0;0.28;0;0.28;0;0.28;0;0;0;0;0;0;0;0;0;0;0;0;0;0;0;0;0;0;0;0;0;0;0;0;0;0;0;0.084;0.126;0;0;0;0;27.479;772;1319;spam
587;0;0;0.36;0;0.36;0;0;0;0.36;0.36;0;0.36;0;1.09;0;1.81;0;0;3.63;0;1.45;0;0;0;0;0;0;0;0;0;0;0;0;0;0;0;0;0;0;0;0;0;0;0;0;0;0;0;0;0.125;0;0.125;0;0;1.287;5;94;spam
588;0;0.23;0.47;0;1.18;0;0.23;0;0.7;0.7;0;0.47;0.23;0;0;0.23;0.7;0;2.83;0;1.89;0;0;0.47;0;0;0;0;0;0;0;0;0;0;0;0;0;0;0;0;0;0;0;0;0;0;0;0;0;0;0;0.072;0.108;0;2.438;20;178;spam
589;2.32;0;0;0;0;0;0;0;0;0;0;0;0;0;0;0;0;0;0;0;0;0;0;0;0;0;0;0;0;0;0;0;0;0;0;0;0;0;0;0;0;0;0;0;0;0;0;0;0;0;0;0.277;0;0;3.2;13;48;spam
590;0;0;0;0;0;0;0;0;0;1.51;0;1.51;0;0;0;0;0;0;7.57;0;1.51;0;0;0;0;0;0;0;0;0;0;0;0;0;0;0;0;0;0;0;0;0;0;0;0;0;0;0;0;0;0;0;0;0;2.769;15;36;spam
591;0;0.54;0;0;0;0;1.08;0;0;0.54;0.54;0.54;0;0;0;2.17;0;0.54;3.26;0;1.08;0;0;0;0;0;0;0;0;0;0;0;0;0;0;0;0;0;0;0;0;0;0;0;0.54;0;0;0;0;0;0;0.334;0;0;1.325;5;53;spam
592;0.45;0.68;0.68;0;1.92;0;0.56;0.45;0;0.45;0.22;1.81;0;0;0.79;0.22;0.11;1.81;2.38;0;1.36;0;0.11;0.22;0;0;0;0;0;0;0;0;0;0;0;0;0;0;0;0.11;0;0;0;0;0;0.11;0;0;0.019;0.057;0;0.574;0.134;0.019;3.155;94;385;spam
593;0;0;0;0;0;0;0;0;0;0;0;1.36;0;0;0;0.68;0.68;0;4.76;4.76;0;0;0;0;0;0;0;0;0;0;0;0;0;0;0;0;0;0;0;0;0;0;0;0;0;0;0;0;0;0;0;1.255;0;0;2.818;21;124;spam
594;0;0;0.55;0;0.22;0.22;0.11;0;0.11;0.22;0;0.33;0.33;0;0;0;0.22;0;0;0;0;0;0.55;0;0;0;0;0;0;0;0;0;0;0;0;0;0;0;0;0;0;0;0;0;0;0;0;0;0;0.155;0;0.034;0.12;0;1.961;14;302;spam
595;0;0;0;0;0;0;0.76;0;0;0;0;0;0.76;0;0;0;0;0;0.76;0.76;0;0;0;0;0;0;0;0;0;0;0;0;0;0;0;0;0;0;0;0;0;0;0.76;0;0;0;0;0;0;0;0;0.274;0;0;11.035;110;309;spam
596;0.68;0.11;0.11;0;0.45;0.11;0;0.57;0.79;2.73;0.34;0.11;0.22;0;0.45;0.11;0.68;0.45;3.07;0;1.71;0;1.82;1.14;0;0;0;0;0;0;0;0;0;0;0;0;0;0;0.11;0.11;0;0;0;0;0.11;0;0;0;0.067;0.118;0;0.388;0.236;0.016;9.827;164;1592;spam
597;0;0;0;0;0;1.88;0;0;0;0;0;0;0;0;0;0;0;0;3.77;0;1.88;0;0;0;0;0;0;0;0;0;0;0;0;0;0;0;0;0;0;0;0;0;0;0;0;0;0;0;0;0;0;0;0;0;2.307;16;30;spam
598;0;0;0;0;1.28;0;1.28;0;0;0;0;0;0;0;0;0.64;0;1.28;1.28;0;0.64;0;0;0;0;0;0;0;0;0;0;0;0;0;0;0;0;0;0;0;0;0;0;0;0;0;0;0;0;0;0;0.085;0.17;0;2.466;18;111;spam
599;0;0;0;0;0;1.12;0;0;0;0;0;0;0;0;0;0;0;0;2.24;0;0;0;0;0;0;0;0;0;0;0;0;0;0;0;0;0;0;0;0;0;0;0;0;0;0;0;0;0;0;0.392;0;3.333;0;0;2.551;12;74;spam
600;0.9;0;0;0;0;0;0.9;0;0;0;0;0;0;0;0;0;0.9;0.9;1.81;0;2.72;0;0;0.9;0;0;0;0;0;0;0;0;0;0;0;0;0;0;0;0;0;0;0;0;0;0;0;0;0;0;0;0.546;0;0;2.818;19;62;spam
601;0.49;0.32;0.46;0;0.05;0.16;0.05;0.24;0.46;0.79;0.27;1.01;0.6;1.23;0;0.21;0.38;0;3.3;0;1.5;0;1.09;0.35;0;0;0;0;0;0;0;0;0;0;0;0;0;0;0;0;0;0;0;0;0.02;0;0;0;0;0.064;0;0.322;0.626;0.165;6.896;193;3269;spam
602;0.39;0;0;0;0;0.39;0.79;0;0;0;0;0.79;0;0;0;0;0.39;0;2.37;0;2.76;0;1.18;0.79;0;0;0;0;0;0;0;0;0;0;0;0;0;0;0;0;0;0;0;0;0;0;0;0;0;0.061;0;0.612;0.183;0;2.678;13;75;spam
603;0;0.58;0.58;0;0;0;0;0.58;0.58;7.55;0.58;1.16;0;0;0;0;0.58;0;4.06;0;0;0;0;0;0;0;0;0;0;0;0;0;0;0;0;0;0;0;0;0;0;0;0;0;0;0;0;0;0;0.192;0;0.192;0;0.096;1.526;10;58;spam
604;0.17;0.17;0.69;0;0.34;0.17;0;0.86;0.17;0.69;0.34;1.38;0;0;0;0;1.73;0.34;2.07;1.55;3.8;0;0;0.34;0;0;0;0;0;0;0;0;0;0;0;0;0;0;0;0.17;0;0;0;0;0;0;0;0;0;0.194;0;1.718;0.055;0;5.175;63;621;spam
605;0.51;0;0.77;0;0.25;0.25;0;0;0;0.51;0;1.55;0;0;0;0.77;1.55;0;4.9;0;2.58;0;0.77;0.25;0;0;0;0;0;0;0;0;0;0;0;0;0;0;0.25;0;0;0;0;0;0;0;0;0;0;0.179;0;0.359;0.403;0.134;5.774;56;358;spam
606;0;0;1.24;0;1.24;0.62;0;0;0;0;0;0;0;0;0;1.24;0.62;0;0.62;0;1.86;0.62;0.62;0;0;0;0;0;0;0;0;0;0;0;0;0;0;0;0;0;0;0;0;0;0.62;0;0;0;0;0.107;0;0.321;0.107;0.107;3.846;30;150;spam
607;0;0;0;0;0;0;0;2.94;0;0;0;0;0;0;0;0;0;0;0;0;0;2.94;0;0;0;0;0;0;0;0;0;0;0;0;0;0;0;0;0;0;0;0;0;0;0;0;0;0;0;0;0;0;0;0.45;14.5;42;87;spam
608;0;0.84;0.84;0;0;0;0.84;0;0;1.68;0.84;0;0;0;0;0.84;0;0;3.36;0;0.84;0;0.84;0;0;0;0;0;0;0;0;0;0;0;0;0;0;0;0;0;0;0;0;0;0;0;0;0;0;0;0;0.519;0;0;5;43;125;spam
609;0;0;0;0;0;0;0;0.71;0;0;0;0.71;0;0;0;1.43;0;0;4.31;0;1.43;0;0;0.71;0;0;0;0;0;0;0;0;0;0;0;0;0;0;0;0;0;0;0;0;2.15;0;0;0;0;0.265;0;0.132;0;0;2.322;16;72;spam
610;0.09;0;0.27;0;0.36;0.09;0;0.18;0.09;0;0;0.82;0;0.36;0;0;0;0;2.01;0;3.38;0;0.36;0.09;0;0;0;0;0;0;0;0;0;0;0;0;0;0;0;0;0;0;0;0;0.27;0;0;0;0.015;0.046;0.03;0.246;0.03;0.03;3.771;69;528;spam
611;0.11;0.22;0.11;0;0.45;0.45;0;0.11;1.02;1.59;0.11;0.34;0.22;0.11;2.16;0;0.45;0.11;3.53;0;1.25;0;0.45;0.45;0;0;0;0;0;0;0;0;0;0;0;0;0;0;0;0.11;0;0;0;0;0.45;0;0;0;0.018;0.17;0;0.265;0.132;0;4.215;144;666;spam
612;0.44;0;0.88;0;0.44;1.32;0.44;0;0;0;0;0;0;0;0;0;0;0.44;1.76;0;2.2;0;2.2;0;0;0;0;0;0;0;0;0;0;0;0;0;0;0;0;0;0;0;0;0;0;0;0;0;0.216;0;0;0.433;0.361;0;2.375;16;133;spam
613;0.1;0.2;1.01;0;0.8;0.8;0.5;0;0.8;0.1;0.3;0.7;0.3;0;1.61;0.1;0;1.11;1.31;0.2;0.7;0;0.6;0.1;0;0;0;0;0;0;0;0;0;0;0;0;0;0;0;0;0;0;0.2;0;0.1;0.1;0;0;0;0.107;0;0.474;0.152;0.015;8.55;669;1351;spam
614;0.11;0.22;0.11;0;0.45;0.45;0;0.11;1.02;1.59;0.11;0.34;0.22;0.11;2.16;0;0.45;0.11;3.53;0;1.25;0;0.45;0.45;0;0;0;0;0;0;0;0;0;0;0;0;0;0;0;0.11;0;0;0;0;0.45;0;0;0;0.018;0.17;0;0.265;0.132;0;4.215;144;666;spam
615;0.42;0.46;0.38;0;0.19;0.11;0;0.07;0.58;0.62;0.34;0.77;0.5;1.32;0.03;0.23;0.54;0;3.06;0;1.51;0;0.38;0.46;0;0;0;0;0;0;0;0;0;0;0;0;0;0;0;0;0;0;0;0;0.03;0;0;0;0;0.076;0;0.438;0.585;0.127;6.134;153;2184;spam
616;0;0;0.9;0;0.45;0;0;0;0;0;0;0.9;0.45;0;0;0.45;0.9;0;4.52;0;0.9;0;0.45;0;0;0;0;0;0;0;0;0;0;0;0;0;0;0;0;0;0;0;0;0;1.35;0;0;0;0;0;0;2.115;0.07;0;2.651;14;114;spam
617;0.33;0;0.67;0;0.22;0;0;0;0.44;0.11;0;0.33;0;0;0;0.56;0;0;1.79;0;1.12;0;0;0.22;0;0;0;0;0;0;0;0;0;0;0;0;0;0.11;0;0;0;0;0.11;0;0;0;0;0;0;0.157;0;0.392;0.176;0.078;2.606;75;391;spam
618;0;0;0;0;0;1.88;0;0;0;0;0;0;0;0;0;0;0;0;3.77;0;1.88;0;0;0;0;0;0;0;0;0;0;0;0;0;0;0;0;0;0;0;0;0;0;0;0;0;0;0;0;0;0;0;0;0;2.307;16;30;spam
619;0;0;0;0;0;1.27;0;0.63;0;0;0;0;0;0;0;0;0;0;3.82;0;0.63;0;0;0;0;0;0;0;0;0;0;0;0;0;0;0;0;0;0;0;0;0;0;0;0;0;0;0;0;0;0;1.096;0.109;0;1.916;12;69;spam
620;0;0;0;0;0;0;0;0;0;0;0;0;0;0;0;0;0;0;3.37;0;0;0;2.24;0;0;0;0;0;0;0;0;0;0;0;0;0;0;0;0;0;0;0;0;0;0;0;0;0;0;0;0;0.218;0;0;1.827;11;53;spam
621;0;0;0;0;0;0;0;0;0;0;0;0;0;0;0;0;0;0;2.04;0;0;8.84;1.36;0;0;0;0;0;0;0;0;0;0;0;0;0;0;0;0;0;0;0;0;0;0;0;0;0;0;0;0;0.125;0;1.126;7.054;37;261;spam
622;0;0.47;0.47;0;1.41;0;0.47;0;0;0.47;0.47;0.94;0;0;0;0.94;0;0;1.88;0;0.94;0;0;0;0;0;0;0;0;0;0;0;0;0;0;0;0;0;0;0;0;0;0;0;0;0;0;0;0;0;0;0.218;0;0;1.102;6;54;spam
623;0;0;0;0;0;0;0;0;0;1.47;0;1.47;0;0;0;0;0;0;7.35;0;1.47;0;0;0;0;0;0;0;0;0;0;0;0;0;0;0;0;0;0;0;0;0;0;0;0;0;0;0;0;0;0;0;0;0;2.769;15;36;spam
624;0.19;0.19;0.29;0;1.07;0.19;0.19;0.97;0.87;0.58;0.09;1.07;0.19;0.87;0.09;0;0;1.17;3.71;0.68;1.75;0;0.09;0.29;0;0;0;0;0;0;0;0;0;0;0;0;0;0;0.09;0.09;0;0;0;0;0;0;0;0;0;0;0.194;0.404;0.224;0.029;4.285;49;870;spam
625;0;0;0;0;0.82;0;0;1.65;0;0.82;0;0;0;0;0;0;0.82;0;1.65;0;2.47;0;0;0;0;0;0;0;0;0;0;0;0;0;0;0;0;0;0;0;0;0;0;0;0;0;0;0;0;0.113;0;0.113;0;0;1.25;4;50;spam
626;0.79;0.19;0.09;0;0;0;0;0.09;0.29;0.09;0.29;0.59;0.69;0;0;0.09;0;0.59;4.09;0;0.89;0;0.39;0.49;0;0;0;0;0;0;0;0;0;0;0;0;0;0;0;0;0;0;0;0;0;0;0;0;0;0.267;0;0.19;0.247;0;2.324;19;365;spam
627;0;0;0;0;0;0.68;1.37;0.68;0;0;0;0.68;0;0;0;0;0;0.34;0.34;0;0;0;0;0;0;0;0;0;0;0;0;0;0;0;0;0.34;0;0;0;0;0;0.34;0;0;0;0;0;0;0;0.103;0;0.206;0.309;0;4.029;69;270;spam
628;0;0;0;0;0;0;0;0;0;0;0;0;0;0.85;0;0;0;0;0.85;0;0;0;0;0;0;0;0;0;0;0;0;0;0;0;0;0;0;0;0;0;0;0;0;0;0;0;0;0;0;0.126;0;0;0;0;3.925;51;106;spam
629;0;0;1.47;0;0;1.1;0.36;0;0;0;0.36;0.36;0;0;0;0.36;0;0;2.21;1.1;2.95;0;1.47;0;0;0;0;0;0;0;0;0;0;0;0;0;0;0;0;0;0;0;0;0;0;0;0;0;0;0.118;0;0.414;0.888;0.177;3;33;177;spam
630;0;0;0.31;0;0.62;0.62;0.62;0.31;0;1.88;0.62;1.25;0;0;0.31;1.56;0.31;0;3.76;0;1.25;0;0;0;0;0;0;0;0;0;0;0;0;0;0;0;0;0;0;0;0;0;0;0;0;0;0;0;0;0;0;0.77;0;0;2.481;11;134;spam
631;0.1;0.1;0.71;0;0.61;0.3;0.4;0.1;1.42;0.81;0.1;0.5;0;0;0;0.1;0;1.01;2.34;0.5;2.03;0;0;0.3;0;0;0;0;0;0;0;0;0;0;0.1;0;0;0;0.1;0;0;0;0;0;0;0;0;0;0;0;0.256;0.928;0.384;0.032;3.179;56;1043;spam
632;0;0;0;0;0;0;0;0;0;0;0;0;0;0;0;0;0;0;6.55;0;1.63;0;0;0;0;0;0;0;0;0;0;0;0;0;0;0;0;0;0;0;0;0;0;0;0;0;0;0;0;0;0;0;0;0;1;1;13;spam
633;0.52;0.42;0.35;0;0.14;0.03;0.03;0.1;0.56;0.8;0.28;0.7;0.56;1.19;0.03;0.24;0.45;0;3.18;0;1.47;0;0.38;0.63;0;0;0;0;0;0;0;0;0;0;0;0;0;0;0;0;0;0;0;0;0.07;0;0;0;0;0.075;0;0.452;0.528;0.116;6.152;260;2184;spam
634;0;0;0;0;0;0;0;0;0;1.49;0;1.49;0;0;0;0;0;0;7.46;0;1.49;0;0;0;0;0;0;0;0;0;0;0;0;0;0;0;0;0;0;0;0;0;0;0;0;0;0;0;0;0;0;0;0;0;2.692;15;35;spam
635;0;0.35;0.71;0;0.35;0;0.17;0;0;0.53;0.17;0;0.17;0;0.35;0.17;0;1.07;0.17;0.17;0.71;0;0;0;0;0;0;0;0;0;0;0;0;0;0;0;0;0;0;0;0;0;0;0;0;0;0;0;0;0.027;0;0.167;0.027;0.055;7.527;149;956;spam
636;0;0.64;0.64;0;0.32;0;0;0;0;0;0;0.64;0;0;0;0.32;0;1.29;1.62;0;0.97;0;0;0;0;0;0;0;0;0;0;0;0;0;0;0;0;0;0;0;0;0;0;0;0;0;0;0;0;0.053;0;1.065;0;0;3.932;61;291;spam
637;0.56;0;0.84;0;0.28;0.84;0;0.84;0.28;0.28;0.28;1.41;0;0;0;0;1.41;0;0.84;1.98;2.83;0;0.28;0.84;0;0;0;0;0;0;0;0;0;0;0;0;0;0;0;0;0;0;0;0;0;0;0;0;0;0.129;0;1.294;0.043;0;3.979;47;386;spam
638;0;0.64;1.29;0;0.32;0;0;0;0;0;0;0.64;0;0;0;0.32;0;1.29;2.59;0;1.29;0;0;0;0;0;0;0;0;0;0;0;0;0;0;0;0;0;0;0;0;0;0;0;0.32;0;0;0;0;0.053;0;0.531;0;0;4.337;121;334;spam
639;0.34;0.05;0.58;0;0.63;0.17;0;0;0.75;0.23;0.34;1.27;0.34;0;0;0.58;0.05;0.17;3.01;2.61;1.5;0;0.17;0.34;0;0;0;0;0;0;0;0;0;0;0;0;0;0;0;0;0;0;0;0;0;0;0;0;0;0.201;0;0.127;0.182;0.027;4.225;131;1107;spam
640;0;0;0.63;0;0;1.27;1.27;0.63;0;0;0;0.63;0;0;0;0;0.63;0;4.45;3.18;3.82;0;0;0;0;0;0;0;0;0;0;0;0;0;0;0;0;0;0;0;0;0;0;0;0;0;0;0;0;0;0;0.983;0.089;0;3.488;59;157;spam
641;0.44;0;0.88;0;0.44;1.32;0.44;0;0;0;0;0;0;0;0;0;0;0.44;1.76;0;2.2;0;2.2;0;0;0;0;0;0;0;0;0;0;0;0;0;0;0;0;0;0;0;0;0;0;0;0;0;0.215;0;0;0.43;0.358;0;2.403;16;137;spam
642;1.26;0.42;1.26;0;0;0;0;0;0;0;0;0.42;0;0;0;0.42;0;0.84;3.79;0;1.26;0;0;0.42;0;0;0;0;0;0;0;0;0;0;0;0;0;0;0;0;0;0;0;0;0.42;0;0;0;0;0.067;0;0.472;0.472;0;3;19;108;spam
643;0;0;0;0;0;0;2.94;1.47;1.47;1.47;1.47;0;0;0;0;0;2.94;0;0;1.47;4.41;0;0;0;0;0;0;0;0;0;0;0;0;0;0;0;0;0;0;0;0;0;0;0;0;0;0;0;0;0.141;0;0.425;0.141;0;140;279;280;spam
644;0;0.57;0;0;0.57;0;0.57;0;0;0.57;0;0.57;0;0;0;0;0;0.57;4.57;0;1.14;0;0;0;0.57;0.57;0;0;0;0;0;0;0;0;0;0;0;0;0;0;0;0;0;0;0.57;0;0;0;0.072;0;0;0.072;0.289;0.144;7.512;114;293;spam
645;0.89;0;0.89;0;0;0;1.78;0;0;0;0.89;1.78;0;0;0;0;0;0;6.25;0;0;0;0;0;0;0;0;0;0;0;0;0;0;0;0;0;0;0;0;0;0;0;0;0;0.89;0;0;0;0;0;0;1.344;0;0;5.25;16;84;spam
646;0;0;0;0;0;0;4.08;0;0;0;0;0;0;0;0;0;0;0;2.04;0;0;0;0;2.04;0;0;0;0;0;0;0;0;0;0;0;0;0;0;0;0;0;0;0;0;0;0;0;0;0;0;0;0.257;0;0;4.181;26;46;spam
647;0;0;0;0;0;0;2.94;1.47;1.47;1.47;1.47;0;0;0;0;0;1.47;0;0;1.47;4.41;0;0;0;0;0;0;0;0;0;0;0;0;0;0;0;1.47;0;0;0;0;0;0;0;0;0;0;0;0;0.142;0;0.427;0.142;0;92.333;274;277;spam
648;0;0;0;0;0;0;0;0;0;0;0;0;0;0;0;6.52;0;0;2.17;0;2.17;0;0;0;0;0;0;0;0;0;0;0;0;0;0;0;0;0;0;0;0;0;0;0;0;0;0;0;0;0;0;1.149;0;0;9.1;33;91;spam
649;0.13;0.26;0.52;0;0.26;0;0.13;0;0;0.39;0.13;0.13;0.13;0;0.26;0.13;0;0.78;0.39;0.13;0.52;0;0;0;0;0;0;0;0;0;0;0;0;0;0;0;0;0;0;0;0;0;0;0;0;0;0;0;0;0;0;0.366;0;0.04;7.138;149;1235;spam
650;0;0;0;0;0;0;1.94;0;0;0;0;0;0;0;0;2.91;3.88;0;1.94;0;1.94;0;0;1.94;0;0;0;0;0;0;0;0;0;0;0;0;0;0;0;0.97;0;0;0;0;0.97;0;0;0;0;0.13;0;0.52;0.13;0;6.266;26;94;spam
651;0;0.43;0;0;0.43;0;0.86;0;1.3;0.86;0;1.3;0;0;0;0;0;0;0.43;0;0;0;0;0;0;0;0;0;0;0;0;0;0;0;0;0;0.43;0;0;0;0;0;0;0;0;0;0;0;0.063;0.126;0;0;0.063;0;4.297;30;159;spam
652;0;0.44;0.44;0;0;0;0;0;0;0;0;0.88;1.32;0;0;0;0;0.88;3.96;0;3.08;0;0.44;0;0;0;0;0;0;0;0;0;0;0;0;0;0;0;0;0;0;0;0;0;0;0;0;0;0;0.074;0;0.669;0.297;0;3.666;82;165;spam
653;0;0.65;0.98;0;0.32;0;0;0;0;0;0;0.65;0;0;0;0.32;0;1.3;2.61;0;1.3;0;0;0;0;0;0;0;0;0;0;0;0;0;0;0;0;0;0;0;0;0;0;0;0.32;0;0;0;0;0.053;0;0.477;0;0;4.273;121;312;spam
654;0;0;0;0;0.89;0;0;0;0;0;0;0.89;0;0;0;0;0;0;1.78;0;2.67;0;0;0;0;0;0;0;0;0;0;0;0;0;0;0;0;0;0;0;0;0;0;0;0;0;0;0;0;0.121;0;1.336;0;0;6.611;51;238;spam
655;0.33;0;0.33;0;0;0;0.66;0;0;0;0;1.32;0;0;0;0.66;0.99;0;2.64;0;0.99;0;0.66;0;0;0;0;0;0;0;0;0;0;0;0;0;0;0;0.66;0;0;0;0;0;0;0;0;0;0;0.116;0;0.406;0.464;0.348;6.932;43;513;spam
656;0;0;0.94;0;0;0;0.94;0;0;1.88;0;1.88;0;0;0;0;0;0;4.71;0;0.94;0;0;0.94;0;0;0;0;0;0;0;0;0;0;0;0;0;0;0;0;0;0;0;0;0;0;0;0;0;0;0;0.163;1.305;0;2.571;20;36;spam
657;0.73;0;0.36;0;0.36;0.36;1.1;0;0;0;0;0.36;0;0;0;0.36;1.84;0.73;2.58;0;1.1;0;0.36;1.1;0;0;0;0;0;0;0;0;0;0;0;0;0;0;0;0;0;0;0;0;0;0;0;0;0;0.186;0;0.435;0.062;0;4.411;190;300;spam
658;0;0.66;0.66;0;1.33;0.33;0.33;0;0.33;0;0.33;0.33;0;0;0;0.33;0.66;1;1;1;2;0;0;0;0;0;0;0;0;0;0;0;0;0;0;0;0;0;0;0;0;0;0;0;0.66;0;0;0;0;0.266;0;0.372;0.159;0;1.894;14;161;spam
659;0;0.3;0.75;0;0.3;0;0.15;0;0;0.45;0.15;0;0.15;0;0.15;0.15;0;0.75;0.15;0.15;0.6;0;0;0;0;0;0;0.15;0;0;0;0;0.15;0;0;0;0;0;0;0;0;0;0;0;0;0;0;0;0;0.02;0;0.352;0.02;0.041;5.938;149;1057;spam
660;0.57;0;1.72;0;0;0;0;0.57;0;0;0;0.57;1.72;0;0;0;0.57;0;4.59;0;0;0;0;0.57;0;0;0;0;0;0;0;0;0;0;0;0;0;0;0;0;0;0;0;0;0;0;0;0;0;0.099;0;0.396;0.099;0;2.333;11;70;spam
661;0;0;0;0;0;0;1.04;0;0;0;0;1.04;0;0;0;0;1.04;0;3.66;0;2.09;0;0;0;0;0;0;0;0;0;0;0;0;0;0;0;0;0;0;0;0;0;0;0;0;0;0;0;0.062;0.248;0;0.621;0.062;0.062;3.902;59;160;spam
662;0;0;0;0;0;0;0;0;0;0;0;0;0;0;0;0;0;0;4.76;0;0;0;0;0;0;0;0;0;0;0;0;0;0;0;0;0;0;0;0;0;0;0;0;0;0;0;0;0;0;0;0;0;0;0;1;1;3;spam
663;0;0.28;0.84;0;0.28;0;0.14;0;0;0.42;0.14;0;0.14;0;0.14;0.14;0;0.7;0.42;0.14;0.84;0;0;0;0;0;0;0;0;0;0;0;0;0;0;0;0;0;0;0.14;0;0;0;0;0;0;0;0;0;0;0;0.583;0;0.067;5.415;132;991;spam
664;0.51;0.25;0.49;0;0.04;0.23;0.04;0.32;0.38;0.81;0.21;0.9;0.79;1.24;0.02;0.21;0.36;0.04;3.49;0;1.54;0;1.09;0.36;0;0;0;0;0;0;0;0;0;0;0;0;0;0;0;0;0;0;0.02;0;0.1;0;0;0;0;0.058;0;0.308;0.672;0.128;5.459;193;3243;spam
665;0.7;0;0.35;0;0.7;0.35;0.7;0;0.7;0;0;0;0.7;0;0;0;1.05;0;3.16;0;1.4;0;0;1.05;0;0;0;0;0;0;0;0;0;0;0;0;0;0;0;0;0;0;0;0;0;0;0;0;0;0.173;0;0.23;0;0;4.596;60;262;spam
666;0.3;0;1.23;0;1.54;0.92;0.61;0.92;0.3;0.3;0;0.3;0;0;0;0;0.3;0;2.47;0.92;0.92;0;1.23;0;0;0;0;0;0;0;0;0;0;0;0;0;0;0;0;0;0;0;0;0;0.3;0;0;0;0;0.045;0;0.728;0.182;0;4.339;60;243;spam
667;0;0;0.84;0;0.56;0;0;0.56;0;0;0;0;0;0;0;0.28;0;0;1.13;0;0.28;0;0;0;0;0;0;0;0;0;0;0;0;0;0;0;0;0;0;0.28;0;0;0;0;0;0;0;0;0;0.278;0;0.046;0;0;1.661;6;118;spam
668;0;0.7;1.05;0;0.35;0;0;0;0;0;0;0.7;0;0;0;0.35;0;1.4;2.46;0;1.4;0;0;0;0;0;0;0;0;0;0;0;0;0;0;0;0;0;0;0;0;0;0;0;0.35;0;0;0;0;0.056;0;0.897;0;0;4.43;121;350;spam
669;0.56;0;0.32;0;1.13;0.08;0;0;0.16;0;0.08;0.72;0.56;0;0;0.24;1.13;0;4.6;0;2.01;0;0;0.32;0;0;0;0;0;0;0;0;0;0;0;0;0;0;0;0;0;0;0;0;0.32;0;0;0;0;0.121;0;0.337;0.054;0;3.502;79;606;spam
670;0;0.26;0.26;0;0.39;0;0.13;0;0;0.26;0;0.26;0.26;0;0.13;0.26;0;0.13;3.14;0.26;1.44;7.33;0.13;0.26;0;0;0;0;0;0;0;0;0;0;0;0;0;0;0;0;0;0;0;0;0.13;0;0;0;0;0;0;0.022;0.022;0.889;12.454;107;1096;spam
671;0;0;1.29;0;0;1.29;0;0;0;0;0;0;0;0;0;2.59;0;0;1.29;0;1.29;1.29;2.59;0;0;0;0;0;0;0;0;0;0;0;0;0;0;0;0;0;0;0;0;0;0;0;0;0;0;0.439;0;1.098;0;0.439;3.571;36;125;spam
672;0.09;0.38;0.57;0;0.48;0.38;0;0;0;0.38;0;1.53;0.19;0;0.09;0;0.09;0;3.55;0;1.24;0;0;0;0;0;0;0;0;0;0;0;0;0;0;0;0;0;0;0;0;0;0;0;0;0;0;0;0.038;0.038;0;0.246;0.894;0.012;4;70;640;spam
673;0.34;0;1.7;0;1.02;0;0;0;0.68;1.02;0;0;0;0;0;0;0;0;0.34;1.02;0.68;0;0;0;0.34;0;0;0;0;0;0;0;0;0;0;0;0;0;0;0;0;0;0;0;0;0;0;0;0;0;0;0.902;0.106;0;664;1327;1328;spam
674;0;0.8;0;0;0.8;0;0.8;0;0;0.8;0;0;0;0;0;0.8;0.8;0.8;1.61;0;1.61;0;0;0;0;0;0;0;0;0;0;0;0;0;0;0;0;0;0;0;0;0;0;0;0;0;0;0;0;0.134;0;0.269;0;0;3.115;19;81;spam
675;0;0;0;0;3.33;0;0;0;0;0;0;0;0;0;0;0;0;0;6.66;0;0;0;0;0;0;0;0;0;0;0;0;0;0;0;0;0;0;0;0;0;0;0;0;0;0;0;0;0;0;0;0;1.111;0;0;1.409;10;31;spam
676;0;0;0.28;0;0.16;0.18;0;0;0;0;0.02;0.09;0.11;0;0;0;0;0;0.14;0;0.02;0;0;0.04;0;0;0;0;0;0;0;0;0;0.07;0;0;0;0;0.02;0;0;0;0;0;0;0;0;0;0;0.116;0.021;0.03;0;0;16.644;154;9088;spam
677;0.82;0;0;0;0.41;0;0.82;0;0;0;0;0.82;0;0;0;0;0.41;0;2.46;0;1.23;0;0.41;0;0;0;0;0;0;0;0;0;0;0;0;0;0;0;0;0;0;0;0;0;0;0;0;0.41;0;0.171;0;0.513;0.114;0;2.953;44;189;spam
678;0;0.42;0;0;0.42;0.42;0;0;0;0;0;0;0;0;0;0.42;0;0.42;4.2;0;0;0;0.42;0;0;0;0;0;0;0;0;0;0;0;0;0;0;0;0;0;0;0;0;0;0.42;0;0;0;0;0.08;0;0.644;0.161;0;2.522;14;111;spam
679;0.1;0.1;0.7;0;0.6;0.2;0.4;0.1;1.41;0.8;0.1;0.5;0;0;0;0.1;0;1.11;2.22;0.4;1.92;0;0;0.3;0;0;0;0;0;0;0;0;0;0;0.1;0;0;0;0.1;0;0;0;0;0;0;0;0;0;0;0;0.26;0.991;0.39;0.032;3.173;56;1044;spam
680;0;0;0.28;0;0.16;0.18;0;0;0;0;0.02;0.09;0.11;0;0;0;0;0;0.14;0;0.02;0;0;0.04;0;0;0;0;0;0;0;0;0;0.07;0;0;0;0;0.02;0;0;0;0;0;0;0;0;0;0;0.116;0.021;0.034;0;0;16.587;154;9090;spam
681;0.87;0.17;0.52;0;0;0.32;0;0.04;0.29;0.42;0.39;1.37;0.87;1.69;0;0.32;0.54;0.22;3.47;0.29;1.32;0;0.34;0.84;0;0;0;0;0;0;0;0;0;0;0;0;0;0;0;0;0;0;0;0.02;0.07;0;0.04;0;0.016;0.058;0;0.64;0.166;0.183;3.697;117;3498;spam
682;0.43;0;0;0;0;0;0;0;0;0;0;1.29;0;0;0;0;0;0.43;1.29;0;1.29;0;0;0;0;0;0;0;0;0;0;0;0;0;0;0.86;0;0;0;0;0;0;0;0;0;0;0;0;0;0.122;0;0.061;0;0;1.456;13;67;spam
683;0;0.81;0.61;0;0;1.02;0;0.2;0.4;0.61;0;2.25;0;0;0;0;0.61;0;2.86;0;1.02;0;0;0.2;0;0;0.2;0;0;0;0;0;0;0;0;0;0;0;0;0;0;0;0;0;0;0;0;0;0;0.095;0;0.158;0.063;0;2;31;156;spam
684;2.32;0;0.77;0;1.55;0;0;0;0;0;0;0.77;0;0;0;0.77;0;0;2.32;0;0.77;0;0;0.77;0;0;0;0;0;0;0;0;0;0;0;0;0;0;0;0;0;0;0;0;0;0;0;0.77;0;0.134;0;0.671;0;0;129.5;515;518;spam
685;0.08;0.08;0.48;0;0.16;0.24;0;0;0.24;0.08;0;0.56;0;0;0;0;0;0.08;0.88;0.08;0.48;4.57;0.4;0.72;0;0;0;0;0;0;0;0;0;0;0;0;0;0;0;0;0;0;0;0;0;0;0;0;0;0;0;0.233;0.202;0.326;8.763;102;1481;spam
686;0.07;0;0.55;0;0.63;0.23;0.07;0.23;0;0.23;0.07;0.55;0.63;0;0;0.47;0.31;0.31;2.76;0;1.49;0;0.55;0.31;0;0;0;0;0;0;0;0;0;0;0;0;0;0;0;0;0;0;0;0;0;0;0;0;0;0.012;0;1.132;0.077;0.012;3.382;77;707;spam
687;0.52;0.42;0.35;0;0.14;0.03;0.03;0.1;0.56;0.8;0.28;0.7;0.56;1.19;0.03;0.24;0.45;0;3.19;0;1.43;0;0.38;0.63;0;0;0;0;0;0;0;0;0;0;0;0;0;0;0;0;0;0;0;0;0.07;0;0;0;0;0.077;0;0.453;0.543;0.119;6.305;286;2207;spam
688;0.4;0.18;0.32;0;0.25;0.18;0.03;1.01;0.4;0.4;0.1;0.72;0.65;0.36;0.25;0.54;0.36;0.36;3.05;0.14;1.41;0;0.29;0.76;0;0;0;0;0;0;0;0;0;0;0;0;0;0;0;0.03;0;0;0;0;0.07;0;0;0;0.012;0.042;0.073;0.337;0.141;0;3.305;181;1613;spam
689;0;0;2.22;0;0;0;2.22;0;0;0;0;0;0;0;0;0;0;0;0;0;0;0;0;0;0;0;0;0;0;0;0;0;0;0;0;0;0;0;0;2.22;0;0;0;0;0;0;0;0;0;0;0;0;0.439;0;3;11;24;spam
690;0;0;0;0;1.91;0;0.31;0.31;0;0.31;0.63;1.59;0.63;0;0.63;0;0.63;2.23;3.19;0;1.59;0;0.31;0;0;0;0;0;0;0;0;0;0;0;0;0;0;0;0;0.63;0;0;0;0;0;0;0;0;0;0.092;0;0.323;0;0;2.15;18;86;spam
691;0;0.75;0.25;0;0;0;0;0.5;0;0.5;0.25;0.75;0;0;0;1.5;0;1.5;4.26;0;4.51;0;0;0;0;0;0;0;0;0;0;0;0;0;0;0;0;0;0;0;0;0;0;0;0;0;0;0;0.045;0.18;0;0;0;0;1.023;3;86;spam
692;0;0;0;0;0;0;0;0.74;0;0;0;0;0;0;0;2.23;0;0;1.49;0;0;0;0;0;0;0;0;0;0;0;0;0;0.74;0;0;0;0;0;0;0;0;0;0;0;0;0;0;0;0;0;0;0.109;0;0;2.263;24;86;spam
693;0;0;1.29;0;0;1.29;0;0;0;0;0;0;0;0;0;2.59;0;0;1.29;0;1.29;1.29;2.59;0;0;0;0;0;0;0;0;0;0;0;0;0;0;0;0;0;0;0;0;0;0;0;0;0;0;0.439;0;1.098;0;0.439;3.571;36;125;spam
694;0;0;0;0;0;0;0;0;0;0;0;0;2.58;0;0;0;0;0;2.58;0;1.72;0;0.86;0;0;0;0;0;0;0;0;0;0;0;0;0;0;0;0;0;0;0;0;0;0;0;0;0;0.142;0;0;3.851;0;0;13.266;70;199;spam
695;0;0;0;0;0.59;0;0.59;0;0;0;0;0;0;0;0;0;0;0;0.59;0;0;0;0;0;0;0;0;0;0;0;0;0;0;0;0;1.18;0;0;0;0;0;0;0;0;0.59;0;0;0;0;0.052;0;0.052;0.105;0;2.886;27;127;spam
696;0.1;0.2;1.01;0;0.8;0.8;0.5;0;0.8;0.1;0.3;0.7;0.3;0;1.61;0.1;0;1.11;1.31;0.2;0.7;0;0.6;0.1;0;0;0;0;0;0;0;0;0;0;0;0;0;0;0;0;0;0;0.2;0;0.1;0.1;0;0;0;0.11;0;0.49;0.158;0.015;8.55;669;1351;spam
697;0;0.33;0.33;0;1.65;0.33;0.66;0;0;0.16;0.16;0.99;0;0;0;0.82;0.33;0.16;2.81;0;0.99;0;0.49;0.33;0;0;0;0;0;0;0;0;0.16;0;0;0;0;0;0;0;0;0;0;0;0;0;0;0;0;0.024;0.074;0.248;0.049;0.049;6.161;350;727;spam
698;0.4;0.26;0.93;0;0;0.8;0;0.8;0.8;1.2;0;0.8;0.4;0;1.46;0;0.26;2.26;2.4;0.53;1.06;0;0.8;0.93;0;0;0;0;0;0;0;0;0;0;0.13;0;0;0;0;0;0;0;0;0;0;0;0;0;0;0;0;0.593;0.217;0.039;11.463;525;1112;spam
699;0.1;0.2;1.01;0;0.8;0.8;0.5;0;0.8;0.1;0.3;0.7;0.3;0;1.61;0.1;0;1.11;1.31;0.2;0.7;0;0.6;0.1;0;0;0;0;0;0;0;0;0;0;0;0;0;0;0;0;0;0;0.2;0;0.1;0.1;0;0;0;0.11;0;0.49;0.158;0.015;8.55;669;1351;spam
700;0.15;0.21;0.58;0;0.15;0.15;0.05;0.1;0;0.42;0.1;0.95;0.42;0.05;0.05;0;0;0.36;3.16;0;1.58;0;0.52;0.31;0;0;0;0;0;0;0;0;0;0;0;0;0;0;0;0;0;0;0;0;0;0;0;0;0.027;0.184;0;0.406;0.388;0.036;4.829;116;1589;spam
701;0.1;0.1;0.71;0;0.51;0.2;0.2;0.1;1.43;0.82;0.1;0.51;0;0;0;0.1;0;1.02;2.15;0.41;1.84;0;0;0.3;0;0;0;0;0;0;0;0;0;0;0.1;0;0;0;0.1;0;0;0;0;0;0;0;0;0;0;0;0.264;0.974;0.396;0.033;3.163;56;1028;spam
702;0;0;0;0;0;0;0;0;0;0;0;0;0;0;0;0;0;0;0;0;0;15.43;0;0;0;0;0;0;0;0;0;0;0;0;0;0;0;0;0;0;0;0;0;0;0;0;0;0;0;0;0;0;0;1.118;17.481;49;472;spam
703;0;0;0.71;0;0.71;0;0;0;0;0;0;0;0;0;0;0.71;0;1.43;2.15;0;2.15;0;0;0;0;0;0;0;0;0;0;0;0;0;0;0;0;0;0;0;0;0;0;0;0;0;0;0;0;0;0.256;0.128;0;0;1.779;11;105;spam
704;0;0.81;1.47;0;1.3;0;0.98;0.98;0.32;1.79;0;0.81;0;0;0.32;0.49;0.65;0;0.98;0.16;1.3;0;0;0;0;0;0;0;0;0;0;0;0;0;0;0.16;0;0;0;0.16;0;0;0;0;0;0;0;0;0;0.247;0;0.179;0.674;0;2.922;113;640;spam
705;0.1;0.1;0.7;0;0.6;0.2;0.4;0.1;1.41;0.8;0.1;0.6;0;0;0;0.1;0;1.01;2.22;0.4;2.02;0;0;0.3;0;0;0;0;0;0;0;0;0;0;0.1;0;0;0;0.1;0;0;0;0;0;0;0;0;0;0;0;0.265;0.977;0.397;0.033;3.16;56;1046;spam
706;0;0;0;0;0;0;4;0;0;0;0;0;0;0;0;0;0;0;0;0;0;0;0;0;0;0;0;0;0;0;0;0;0;0;0;0;0;0;0;0;0;0;0;0;0;0;0;0;0;0;0;0;0;0;8.166;19;49;spam
707;0;0;0;0;0.84;1.27;0.42;0;0;0.42;0.42;0.42;0;0;0;0;0;0.42;2.11;0;1.27;0;3.38;0;0;0;0;0;0;0;0;0;0;0;0;0.42;0;0;0;0;0;0;0;0;0.42;0;0;0;0.097;0.097;1.171;0.244;0.39;0;26.405;363;977;spam
708;0.11;0.11;0.47;0;0;0.11;0.23;0;0.35;0.35;0.11;0.94;0.11;0;0;0.11;0;0;3.76;0;1.29;0;0;0;0;0;0;0;0;0;0;0;0;0;0;0;0;0;0;0;0;0;0;0;0.23;0;0;0;0;0.233;0;0.287;0.107;0.035;3.439;64;509;spam
709;0;0.37;0;0;0;0.74;1.12;0;0;0;0.74;1.49;0.74;0;0;0.37;0;1.49;4.49;0;1.87;0;0;0.74;0;0;0;0;0;0;0;0;0;0;0;0;0;0;0;0;0;0;0;0;0;0;0;0;0;0;0;0.223;0.223;0;2.021;10;93;spam
710;0.24;0;0.99;0;0.99;0;0.49;0.99;0;0.24;0;0.49;0;0;0;0.49;0.99;0.74;1.98;0.74;0.99;0;0;0.49;0;0;0;0;0;0;0;0;0;0;0;0;0;0;0;0;0;0;0;0;0;0;0;0;0;0.179;0;0.847;0.077;0;3.219;114;499;spam
711;0.4;0.14;0.32;0;0.25;0.18;0.03;1.01;0.4;0.4;0.1;0.72;0.65;0.36;0.25;0.54;0.36;0.32;3.05;0.14;1.45;0;0.29;0.76;0;0;0;0;0;0;0;0;0;0;0;0;0;0;0;0.03;0;0;0;0;0.07;0;0;0;0.012;0.042;0.073;0.343;0.141;0;3.328;181;1621;spam
712;0.95;0;0.47;0.95;0;0.95;0;0;0.47;0;0.47;0;0;0;1.42;0.47;0.47;2.38;0;0;0.95;0;0;0.47;0;0;0;0;0;0;0;0;0.47;0;0;0;0;0;0;0;0;0;0;0;0;0.47;0;0;0;0.791;0;0.169;0.452;0.113;9.64;259;723;spam
713;0;0;0;0;0;0.63;0;1.58;0.31;0.63;0;0.95;0;0;0;0;0;0;1.26;0;0.63;0;0.31;0;0;0;0;0;0;0;0;0;0;0;0;0;0;0;0;0;0;0;0;0;0;0;0;0;0;0.103;0;0.206;0.206;0;4.171;76;292;spam
714;0;0;0;0;0.47;0;1.41;0;0;0;0.47;0.47;0;0;0;0.47;0;1.88;1.41;0.47;1.41;0;0;0;0;0;0;0;0;0;0;0;0;0;0;0;0;0;0;0;0;0;0;0;0;0;0;0;0;0;0;0.145;0.145;0;4.041;54;194;spam
715;0;0.81;1.47;0;1.3;0;0.98;0.98;0.32;1.79;0;0.81;0;0;0.32;0.49;0.65;0;0.98;0.16;1.3;0;0;0;0;0;0;0;0;0;0;0;0;0;0;0.16;0;0;0;0.16;0;0;0;0;0;0;0;0;0;0.246;0;0.179;0.673;0;2.922;113;640;spam
716;0;0;0;0;0.47;0;1.41;0;0;0;0.47;0.47;0;0;0;0.47;0;1.88;1.41;0.47;1.41;0;0;0;0;0;0;0;0;0;0;0;0;0;0;0;0;0;0;0;0;0;0;0;0;0;0;0;0;0;0;0.144;0.288;0;3.745;54;191;spam
717;0;0;0;0;0;0;1.96;0;0;0;0;0;0;0;0;0;0;0;1.96;0;1.96;0;0;1.96;0;0;0;0;0;0;0;0;0;0;0;0;0;0;0;0;0;0;0;0;0;0;0;0;0;0;0;0.334;0;0;3.214;22;45;spam
718;0;0;0.47;0;0.7;0;0.7;0.23;0;0;0;0.47;0;0;0;1.65;0.7;0.23;2.12;0;1.65;0;0;0.23;0;0;0;0;0;0;0;0;0;0;0;0.23;0;0;0;0;0;0;0;0;0.23;0;0;0;0;0.037;0.037;1.362;0.037;0;5.236;111;576;spam
719;0;0;0;0;0.38;0.38;0.38;0.38;0;0;0.38;0;0;0;0;0.38;0;0;3.5;0;1.94;0;0;0.38;0;0;0;0;0;0;0;0;0;0;0;0;0;0;0;0;0;0;0;0;0;0;0;0;0;0;0;0.122;0;0;2.08;12;104;spam
720;0.33;0;1.65;0;0.99;0;0.33;0;0.66;1.32;0;0;0;0;0;0;0;0;0.33;0.99;0.66;0;0;0;0.33;0;0;0;0;0;0;0;0;0;0;0;0;0;0;0;0;0;0;0;0;0;0;0;0;0;0;0.859;0.101;0;337.25;1146;1349;spam
721;0.32;0;1.64;0;0.98;0;0.32;0;0.65;1.31;0;0;0;0;0;0;0;0;0.32;0.98;0.65;0;0;0;0.32;0;0;0;0;0;0;0;0;0;0;0;0;0;0;0;0;0;0;0;0;0;0;0;0;0;0;0.858;0.101;0;337.25;1146;1349;spam
722;0;0.2;0.61;0;1.03;0;0.41;0.2;0;0.2;0;0.41;0.2;0;2.06;0.2;0;2.47;2.06;0;1.03;0;0;0;0;0;0;0;0;0;0;0;0;0;0;0;0;0;0;0.2;0;0;0;0;0.2;0;0;0;0;0;0;0.238;0.034;0;3.632;32;247;spam
723;0.1;0.2;1.01;0;0.8;0.8;0.5;0;0.8;0.1;0.3;0.7;0.3;0;1.61;0.1;0;1.11;1.31;0.2;0.7;0;0.6;0.1;0;0;0;0;0;0;0;0;0;0;0;0;0;0;0;0;0;0;0.2;0;0.1;0.1;0;0;0;0.11;0;0.49;0.158;0.015;8.55;669;1351;spam
724;0.16;0.24;1.24;0;0.41;0.58;0.49;0.33;0.66;0.66;0.24;1.24;0.16;0;0.66;0.82;0.16;1.57;2.32;0.16;1.16;0;0.91;0.16;0;0;0;0;0;0;0;0;0;0;0;0;0;0;0;0.08;0;0;0;0;0.08;0;0;0;0;0.132;0;0.25;0.224;0.013;5.872;581;1339;spam
725;0.16;0.24;1.24;0;0.41;0.58;0.49;0.33;0.66;0.66;0.24;1.24;0.16;0;0.66;0.82;0.16;1.57;2.32;0.16;1.16;0;0.91;0.16;0;0;0;0;0;0;0;0;0;0;0;0;0;0;0;0.08;0;0;0;0;0.08;0;0;0;0;0.132;0;0.25;0.224;0.026;5.872;581;1339;spam
726;0.93;0;0.93;0;0.93;0.93;0;0.93;0;0;0;0;0.93;0;0;0;0;0;3.73;0;2.8;0;0;0;0;0;0;0;0;0;0;0;0;0;0;0;0;0;0;0;0;0;0;0;0;0;0;0;0;0.343;0;0.343;0.171;0;2.235;15;38;spam
727;0;0;1.63;0;0;0.65;0;0;0;0;0.32;0.32;0;0;0;0.32;0;0;1.96;0.98;2.94;0;1.3;0;0;0;0;0;0;0;0;0;0;0;0;0;0;0;0;0;0;0;0;0;0;0;0;0;0;0.11;0;0.276;0.83;0.166;3.8;33;228;spam
728;0;0;0;0;0.39;0.39;0.39;0.39;0;0;0.39;0;0;0;0;0.39;0;0;3.52;0;1.96;0;0;0.39;0;0;0;0;0;0;0;0;0;0;0;0;0;0;0;0;0;0;0;0;0;0;0;0;0;0;0;0.124;0;0;1.94;12;97;spam
729;0;0;0;0;0;0;0;0;0;0;0;0;0;0;0;0;0;0;0;0;0;0;0;0;0;0;0;0;0;0;0;0;0;0;0;0;0;0;0;0;0;0;0;0;0;0;0;0;0;0;0;0;0;0;1.055;3;38;spam
730;0;0.36;0;0;0;0.36;1.47;0;0;0.36;0.36;0.73;0;0;0;0.36;0;1.1;2.2;0;0.73;0;0.36;0;0;0;0;0;0;0;0;0;0;0;0;0;0;0;0;0;0;0;0;0;0;0;0;0;0;0.183;0;0.367;0.061;0.122;4;36;264;spam
731;0;0;0.24;0;0.72;0;0;0;0.48;0;0;0.48;0;0;0;0;0;0.96;0.96;0;0.72;0;0;0;0;0;0;0;0;0;0;0;0;0;0;0;0;0;0;0;0;0;0;0;0.24;0;0;0;0;0;0;0.328;0;0;1.74;48;141;spam
732;0.17;0;0.17;0.17;1.44;0.34;0.05;0.05;0.05;0.05;0.05;0.51;0.28;0.05;0;0;0.69;0.05;4.14;0.23;1.09;0.17;0.74;0.05;0;0;0;0;0;0;0;0;0;0;0;0;0;0;0;0;0;0;0;0;0;0;0;0;0.01;0.05;0;0.01;0.161;0.03;2.051;51;521;spam
733;0.98;0;0.32;0;0.98;0;0;0;0;0;0;0;0.98;0;0;0.65;0;0;3.6;0;3.93;0;0.32;0.65;0;0;0;0;0;0;0;0;0;0;0;0;0;0;0;0;0;0;0;0;0;0;0;0;0;0;0;0.529;0.411;0;3.964;132;222;spam
734;0.07;0.64;0.64;0;0.35;0.71;0.57;0.14;1.14;0.5;0.07;0.35;0.21;0;1;0.14;0.07;1.14;1.5;0;1.14;0;0.35;0.21;0;0;0;0;0;0;0;0;0;0;0;0;0;0;0;0.07;0;0;0;0;0;0.07;0;0;0;0.08;0;0.309;0.103;0;4.923;117;1295;spam
735;0;0;0.71;0;0.89;0.17;0.17;0;0;1.24;0.17;0;0;0;0.89;0;0.17;0.35;1.24;0.17;1.42;6.41;1.06;0;0;0;0;0;0;0;0;0;0;0;0;0;0;0;0;0;0;0;0;0;0;0;0;0;0;0;0;0.278;0.216;0.836;8.523;58;895;spam
736;0;0;0.38;0;1.15;0.38;0;0.19;0.19;0;0;1.72;0;0;0;0;0.19;0;4.03;0;2.3;0;0.38;0;0;0;0;0;0;0;0;0;0;0;0;0;0;0;0;0.19;0;0;0;0;0;0;0;0;0;0.031;0;0.349;0;0;5.886;105;312;spam
737;0;0;0.72;0;2.91;0;0.72;0;0;0;0;0;0;0;0;1.45;0;0;0;0;0;0;0;0;0;0;0;0;0;0;0;0;0;0;0;0;0;0;0.72;0;0;0;0;0;0;0;0;0;0;0.373;0;0.124;0.124;0;1.781;12;114;spam
738;0;0;0.22;0;0.67;0;0;0;0.44;0;0;0.44;0;0;0;0;0;0.89;0.89;0;0.67;0;0;0;0;0;0;0;0;0;0;0;0;0;0;0;0;0;0;0;0;0;0;0;0.22;0;0;0;0;0;0;0.305;0;0;1.895;48;163;spam
739;0;0;0;0;0;0;0;0;0;1.35;0;0;0;0;0;1.35;0;0;1.35;0;0;0;2.7;0;1.35;1.35;0;0;0;0;0;0;0;0;0;0;0;0;0;0;0;0;0;0;0;0;0;0;0;0;0;1.836;0;0;3.285;19;92;spam
740;0;0.53;0.53;0;0.8;0;0.26;0.26;0;0.26;0;0.53;0.53;0.53;0;0;0;0;2.15;0.26;0.8;0;0;0;0.26;0.26;0;0;0;0;0;0;0.53;0;0;0;0;0;0;0;0;0;0;0;0;0;0;0;0;0;0;0;0.04;0;2.779;21;164;spam
741;0;0;0.89;0;1.79;0.44;0;0;0;0;0;0.44;0;0;0;1.34;0;0;2.24;0;4.48;0;0;0;0;0;0;0;0;0;0;0;0;0;0;0;0;0;0;0;0;0;0;0;0;0;0;0;0;0.075;0.075;0;0;0;1.968;11;124;spam
742;0;0;0.34;0;0;0;0.34;0;0;0.34;0;0.34;0;0;0;0.68;0.34;0.34;0.68;0.34;0.34;0;0;0;0;0;0;0;0;0;0;0;0;0;0;0;0;0;0;0.34;0;0;0;0;0;0;0.34;0;0;0.393;0;0.224;0.056;0;2.257;17;158;spam
743;0;0;0.52;0;1.58;0;1.05;0;0;1.05;0.52;1.58;0;0;0;0.52;0;0;1.05;0;0.52;0;0;0;0.52;0.52;0;0;0;0;0;0;0;0;0;0;0;0;0;0;0;0;0;0;0;0;0;0;0;0.25;0;0;0;0;2.82;23;110;spam
744;0;0;0;0;0.43;0.43;0.43;0;0;0.43;0;0.43;0;0;0;0;0;0;0.87;0;0;9.17;0;0;0;0;0;0;0;0;0;0;0;0;0;0;0;0;0;0;0;0;0;0;0;0;0;0;0;0;0;0.065;0;1.047;9.269;89;482;spam
745;0;0;0.67;0;0.27;0.27;0.13;0;0.13;0.27;0;0.4;0.4;0;0;0;0.27;0;0;0;0;0;0.27;0;0;0;0;0;0;0;0;0;0;0;0;0;0;0;0;0;0;0;0;0;0;0;0;0;0;0.109;0;0.021;0;0;1.728;12;204;spam
746;0.24;0;0.24;0;0;0.48;0.24;0;0;0.48;0.24;0.72;1.2;0;0;1.68;0.72;0;1.92;0;1.68;0;0.24;0;0;0;0;0;0;0;0;0;0;0;0;0;0;0;0;0;0;0;0;0;0;0;0;0;0;0;0;0.677;0.828;0.15;4.333;52;429;spam
747;0;0.18;1.1;0;0.73;0.73;0.73;0.09;0.83;0.27;0.27;0.64;0.27;0;1.47;0.09;0;1.2;1.38;0.18;0.64;0;0.55;0.18;0;0;0;0;0;0;0;0;0;0;0;0;0;0;0;0;0;0;0.18;0;0.09;0.09;0;0;0;0.094;0;0.432;0.135;0.013;8.445;696;1478;spam
748;0;0;0;0;0;0;0;0;0;0;0;6.25;0;0;0;0;0;0;12.5;0;0;0;0;0;0;0;0;0;0;0;0;0;0;0;0;0;0;0;0;0;0;0;0;0;0;0;0;0;0;0;0;0;0;0;1;1;2;spam
749;0;0;0.34;0;0;0;0.34;0;0;0.34;0;0.34;0;0;0;0.68;0.34;0.34;0.68;0.34;0.34;0;0;0;0;0;0;0;0;0;0;0;0;0;0;0;0;0;0;0.34;0;0;0;0;0;0;0.34;0;0;0.393;0;0.225;0.056;0;2.257;17;158;spam
750;0.68;0.17;0.51;0;0.34;0;0.51;0;0;0.51;0;0.51;0.51;0.17;0.17;0.34;0.17;1.02;4.96;0;1.36;0;0;0;0;0;0;0;0;0;0;0;0;0;0;0;0;0;0;0;0;0;0;0;0.34;0;0;0;0.063;0.095;0;0.126;0;0;2.285;40;224;spam
751;0.33;0;0;0;0;0;0;0;0.33;0;0;0;0;0;0;0;0;0;0.33;0;0;0;0;0;0;0;0;0;0;0;0;0;3.3;0;0;0;0;0;0;0;0;0;0;0;0;0;0;0;0;0.448;0;0.056;0;0;1.788;6;93;nonspam
752;0;0;0;0;0;0;0;0;0;0;0;0;0;0;0;0;0;0;0;0;0;0;0;0;0;0;0;0;0;0;0;0;0;0;0;0;0;0;0;0;0;0;0;0;0;0;0;0;0;0;0;0;0;0;1.166;2;7;nonspam
753;0;0;1.1;0;0;0;0;0;0;0.27;0.27;0.55;0;0;0;0;0;0;1.1;0;0.83;0;0;0;1.1;0.27;0;0;0.55;0.27;0;0;0;0;0;0;0.83;0;0;0;0;0;0;0;0;0;0;1.1;0.543;0.349;0;0;0;0;2.724;79;316;nonspam
754;0;0.29;0.29;0;0.29;0;0;0.29;0;0;0.29;1.45;0;0;0;0;0.58;0;1.16;0;1.45;0;0;0;0.87;0;0;0;0;0;0;0;0;0;0;0;0;0;0;0;0;0;0;0;0;0;0;0;0.037;0.113;0;0;0.037;0;1.531;7;147;nonspam
755;0;0;2.56;0;0;0;0;0;0;0;0;0;0;5.12;0;0;0;0;2.56;0;0;0;0;0;0;0;2.56;0;0;0;0;0;0;0;0;0;0;0;0;0;0;0;0;0;2.56;0;0;0;0;0.485;0;0;0;0;1;1;11;nonspam
756;0;0;0;0;0;0;0;0;0;0;0;2.22;0;0;0;0;0;0;0;0;0;0;0;0;0;0;2.22;0;0;0;0;0;0;0;0;0;0;0;0;0;0;0;0;0;2.22;0;0;0;0;0;0;0.374;0;0;1.375;5;22;nonspam
757;0;0;0;0;0;5.88;0;0;0;0;0;0;0;0;0;0;0;0;0;0;0;0;0;0;0;0;0;0;0;0;0;0;0;0;0;0;0;0;0;0;0;0;0;0;0;0;0;0;0;0;0;0;0;0;2.666;5;16;nonspam
758;0;0;0;0;2.22;0;0;0;0;0;0;3.33;0;0;0;0;0;0;1.11;0;1.11;0;0;0;1.11;1.11;0;0;1.11;0;0;0;0;0;0;0;0;0;0;0;0;0;0;0;0;0;0;0;0;0;0;0;0;0;1;1;22;nonspam
759;0;0;0;0;0;0;0;0;0;0;0;0;0;0;0;0;0;0;0;0;0;0;0;0;0;0;0;0;0;0;0;0;0;0;0;0;0;0;0;0;0;5.26;0;0;5.26;0;0;0;0;0;0;0;0;0;1.25;2;5;nonspam
760;0;0;0;0;0;0;0;0;0;0;0;0;0;2.63;0;0;0;0;0;0;0;0;0;0;0;0;0;0;0;0;0;0;0;0;0;0;0;0;0;0;0;0;0;0;0;0;0;0;0;0;0;0;0;0;1.8;7;18;nonspam
761;0;0;0;0;0;0;0;0;0;0;0;1.81;0;0;0;0;0;0;1.81;0;0;0;0;0;0;0;0;0;0;0;0;0;0;0;0;0;0;0;0;0;0;1.81;0;0;0;0;0;0;0;0.286;0;0;0;0;2.277;9;41;nonspam
762;2;0;0;0;0;0;0;0;0;0;2;2;0;0;0;0;0;0;2;0;8;0;0;0;0;0;0;0;0;0;0;0;0;0;0;0;0;0;0;0;0;0;0;0;0;0;0;0;0;0;0;0;0;0;5.888;29;53;nonspam
763;0;0;0;0;0;0;0;0;0;0;0;0;0;0;0;0;0;0;0;0;0;0;0;0;0;0;0;0;0;0;0;0;0;0;0;0;0;0;0;0;0;0;0;0;0;0;0;0;0;0;0;0;0;0;1;1;3;nonspam
764;0;0;0;0;0;0;0;0;0;0;0;0;0;0;0;0;0;0;0;0;0;0;0;0;0;0;0;0;0;0;0;0;0;0;0;0;0;0;0;0;0;1.69;0;0;0;0;0;1.69;0;0;0;0;0;0;1.629;7;44;nonspam
765;0;0;0;0;0.93;0;0;0;0;0.93;0;0.46;0;0;0;0;0;0;1.4;0;0;0;0;0;4.22;1.87;0.93;0.46;0.93;0.46;0.46;0.46;0;0.46;0.46;0.46;0.46;0;0;0.46;0;0;0.46;0;0.93;0;0;0;0;0.2;0.066;0;0;0;5.593;42;330;nonspam
766;0;0;0;0;0;0;0;0;0;0;0;1.23;0;0;0;0;0;0;3.7;0;0;0;0;0;0;0;0;0;0;0;0;0;0;0;0;0;0;0;0;0;0;1.23;0;0;1.23;0;0;0;0;0.404;0;0;0;0;1.187;4;19;nonspam
767;0;0;1.49;0;0;0;0;0;0;0;0;1.49;0;0;0;0;0;0;1.49;0;0;0;0;0;0;0;0;0;0;0;0;0;0;0;0;0;0;0;0;0;0;1.49;0;0;0;0;0;0;0;0.238;0;0.238;0;0;2;8;50;nonspam
768;0;0;0;0;0;0;0;0;0;0;0;0;0;0;0;0;0;0;1.32;0;0;0;0;0;1.98;3.97;0;0;0;0.66;0;0;0;0;0;0.66;0;0;0;0;0;0;0;0;0;0;0;0;0;0;0;0.102;0;0;2.531;30;81;nonspam
769;0;0.23;0;0;0;0.23;0;0.46;0;0;0;0.92;0;0;0.23;0;0;0.23;0.23;0;0;0;0;0;1.15;0.92;0;0;0;0.23;0;0;0.23;0;0;0.23;0.23;0;0;0;0;0.23;0.23;0;0;0.23;0;0;0.063;0.063;0;0.159;0;0;1.616;13;173;nonspam
770;0;0;0;0;1.23;0;0;0;0;0;0;0;0;0;0;0;0;0;1.23;0;0;0;0;0;0;0;1.23;0;0;0;0;0;0;0;0;0;0;0;0;0;0;3.7;0;1.23;1.23;0;0;0;0;0.468;0;0;0;0;1.058;2;18;nonspam
771;0;0.8;0;0;0;0;0;0;0;1.6;0;0;0;0;0;2.4;0;0;5.6;0;1.6;0;0;0;0;0;0;0;0;0;0;0;0;0;0;0;0;0;0;0;0;0;0;0;0;0;0;0;0;0;0;0.235;0;0;1.38;4;29;nonspam
772;0.07;0;0.07;0;0;0.07;0;0;0;0;0.15;1.07;0.15;0.07;0;0;0.53;0;0;0;0;0;0.22;0;1.83;0;0;0;0;0;0;0;0;0;0;0.22;0.07;0;0;0;0;0;0;0;0;0;0;0;0.127;0.174;0;0;0.023;0;2.182;24;659;nonspam
773;0.2;0;0.2;0;0.4;0;0;0;0;0;0.3;1.71;0;0.1;0;0;0.1;0;1.01;0.3;0.5;0;0;0;2.93;0;0;0;0;0;0;0;0;0;0;0;0;0;0;0;0;0;0;0;0;0;0;0;0;0.042;0;0.014;0;0;4.325;63;545;nonspam
774;0;0;0;0;1.11;0;0;0;0;0;1.11;0;0;0;0;0;0;0;0;0;0;0;0;0;0;0;1.11;0;0;0;0;0;1.11;0;0;0;0;1.11;0;0;0;2.22;0;0;0;0;0;0;0;0.363;0;0.181;0;0;1.285;4;27;nonspam
775;0;0;0;0;0;0;0;0;0;2;0;2;0;0;0;0;0;0;0;0;0;0;0;0;0;0;0;0;0;0;0;0;0;0;0;0;0;0;0;0;0;0;0;0;0;0;0;2;0;0;0;0.336;0;0;1.555;4;42;nonspam
776;0.07;0;0.07;0;0;0.07;0;0;0;0;0.14;1.04;0.14;0.07;0;0;0.52;0;0;0;0;0;0.22;0;2.23;0.07;0;0;0;0;0;0;0;0;0;0.22;0.14;0;0.07;0;0;0;0.07;0;0;0;0;0;0.111;0.151;0.01;0;0.02;0;2.25;24;720;nonspam
777;0;0.27;0;0;0;0;0;0;0;0;0;1.94;0;0;0;0;0.27;0;1.39;0;0;0;0;0;0.83;0.55;0;0;0;0.83;0;0;0;0;0;0;0;0;0;0;0;0;0;0.27;0;0;0;0;0.128;0;0;0;0;0;1.197;6;109;nonspam
778;0;0;0;0;0;0;0;0;0;0;0;0;0;0;0;0;0;0;0;0;0;0;0;0;0;0;4.34;0;0;0;0;0;0;0;0;0;4.34;0;8.69;0;0;0;0;0;0;0;0;0;0.636;1.273;0;0;0;0;3.5;24;35;nonspam
779;1.06;0;0;0;1.06;0;0;0;0;0;0;1.06;0;0;0;0;0;0;1.06;0;1.06;0;0;0;0;0;1.06;0;0;0;0;0;0;0;0;0;0;1.06;0;0;0;0;0;0;0;0;0;0;0;0.386;0;0;0;0;1.705;6;29;nonspam
780;0;0;0;0;3.44;0;0;0;0;0;0;3.44;0;0;0;0;0;0;0;0;0;0;0;0;0;0;0;0;0;0;0;0;0;0;0;0;0;0;0;0;0;0;0;0;0;0;0;0;0;0.574;0;0;0;0;1.714;4;12;nonspam
781;0;0;0;0;0;0;0;0;0;0;0;0;0;0;0;0;0;0;0.8;0;0;0;0;0;0.8;0;0;0;0;0.8;0;0;0;0;0;0;0;0;0;0;0;0;0;0;0;0;0;0;0;0.125;0;0;0;0;1.428;5;50;nonspam
782;0;0;0;0;0;0;0;0;0;0;0;0.55;0.55;0;0;0;0;0;1.65;0;0.55;0;0;0;1.1;0.55;0;0;0;0.55;0.55;0;0;0;0;0;0.55;0;0;0;0;0;0;0;0;0;0;0;0.087;0;0;0;0;0;1.657;8;58;nonspam
783;0;0;0;0;0;0;0;0;1.16;0;0;1.16;1.16;0;0;0;0;0;1.16;0;1.16;0;0;0;0;0;1.16;0;0;0;0;0;0;0;0;0;0;0;0;0;0;0;0;0;0;0;0;0;0;0;0;0;0;0;1.2;3;12;nonspam
784;0;0;0;0;1.85;0;0;0;0;0;0;1.85;1.85;0;0;0;0;0;1.85;0;0;0;0;0;0;0;0;0;0;0;0;0;0;0;0;0;0;0;1.85;0;0;0;0;0;0;0;0;0;0;0;0;0;0;0;1.714;4;12;nonspam
785;0;0;0;0;8.33;0;0;0;0;0;0;0;0;0;0;0;0;0;0;0;0;0;0;0;0;0;0;0;0;0;0;0;0;0;0;0;0;8.33;0;0;0;8.33;0;0;0;0;0;0;0;0;0;0;0;0;1;1;2;nonspam
786;0;0;0;0;0;0.17;0;0;0;0;0;0.52;0.17;0;0;0;0.69;0;0;0;0.17;0;0;0;1.04;0;0;0;0.34;0.34;0;0;0;0;0;1.04;0;0;0;0.17;0;0;0;0.52;0;0;0;0;0;0.055;0;0;0;0;1.685;7;204;nonspam
787;0;0;0;0;1.61;0;0;0;0;0;0;0.8;0.8;0;0;0.8;0;0;0.8;0;0;0;0;0;1.61;1.61;0;0;0;0;0;0;0;0;0;0;0.8;0;0.8;0;0;0;0;0;0;0;0;0;0;0;0.144;0;0;0;1.913;13;44;nonspam
788;0;0;0;0;2.04;0;0;0;0;0;0;1.02;1.02;0;0;1.02;0;0;1.02;0;0;0;0;0;0;0;0;0;0;0;0;0;0;0;0;0;0;0;1.02;0;0;0;0;0;0;0;0;0;0;0;0;0;0;0;1.642;4;23;nonspam
789;0;0;0;0;0;0;0;0;0;0;0;1;0;0;0;0;0;0;0;0;0;0;0;0;0;0;0;0;0;0;0;0;1.5;0;0.5;0;0.5;0;0;0;0;0;0;0;0;0;0;0;0;0.411;0;0;0;0;1.866;10;112;nonspam
790;0;0;0;0;0;0;0;0;0;0;0;0;0;0;0;0;0;0;0;0;0;0;0;0;2.4;1.2;1.2;1.2;1.2;1.2;1.2;1.2;1.2;1.2;1.2;1.2;0;0;0;1.2;0;0;0;1.2;0;0;0;0;0;0.446;0;0;0;0;2.166;11;39;nonspam
791;0;0;0.28;0;0.28;0;0;0;0;0;0;0.85;0;0;0;0;0;0;0.28;0;0;0;0;0;1.7;0;0;0.56;0;0;0;0;0;0;0.56;2.55;0.28;0;0.28;0;0;0;0;0.28;0;0;0;0;0.223;0.074;0;0;0;0;1.958;55;190;nonspam
792;0;0;0;0;0;0;0;0;0;0;0;0;0;0;0;0;0;0;6;0;0;0;0;0;0;0;0;0;0;0;0;0;6;0;0;0;0;0;0;0;0;0;0;0;0;0;0;0;0;0;0;0;0;0;1.333;4;12;nonspam
793;0;0;0;0;0;0;0;0;0;0;0;0;0;0;0;0;0;1.88;1.88;0;1.88;0;0;0;0;0;1.88;0;0;0;0;0;3.77;0;0;0;0;0;0;0;0;0;0;0;0;0;0;0;0;0.366;0;0;0;0;1.307;3;17;nonspam
794;0;0;0.5;0;0;0;0;0.5;0;0;0;0.5;0;0;0;0.5;0;0;0.5;0;0;0;0;0;0.5;1;0;0;0;0;0;0;0;0;0;0;0.5;0;0;0;0;0;0;0;0;0;0;0;0;0.062;0;0.188;0;0;3.461;47;180;nonspam
795;0.71;0;0;0;0;0;0;0;0;0;0;0;0;0;0;0;0;0;1.43;0;0.71;0;0;0;0;0;0;0;0;0;0;0;0;0;0;0;0;0;0;0;0;0;0;0;0;0;0;0;0;0;0;0;0;0;3.041;26;73;nonspam
796;0;0;0.36;0;0;0.73;0;0;0;0;0;1.46;0.36;0;0;0;0;0;0;0;0;0;0;0;0;0;0;0;0;0;0;0;0;0;0;0;0.36;0;0;0;0;0;0;0;0;0;0;0;0;0.049;0;0.049;0;0;1.919;54;167;nonspam
797;0;0;0;0;0;0;0;0.42;0;0;0;1.28;0.42;0;0;0;0.42;0;0;0;0;0;0;0;2.57;0;0;0;0.14;0;0;0;0.14;0;0;0.28;0.28;0.14;0;0;0;0;0;0;0;0;0;0.14;0.08;0.242;0;0;0.04;0;2.275;20;421;nonspam
798;0;0;0;0;0;0;0;0;0;0;0;0;0;0;0;0;0;0;4.76;0;0;0;0;0;0;0;0;0;0;0;0;0;0;0;0;0;0;0;0;0;0;0;0;0;0;0;0;0;0;0;0;0;0;0;1.6;3;8;nonspam
799;0;0;0.5;0;0.5;0;0;0;0;0.5;0;1.01;0;0;0;0;0.5;1.01;2.03;0;3.04;0;0;0;1.52;0.5;1.01;1.01;0;1.01;0;0;0;0;1.01;0;0;0;0;0;0;0;0;0;0;0;0;0;0;0.551;0;0.055;0;0;4.275;45;248;nonspam
800;0;0;0;0;0;0;0;0;0;0;0;0;0;5.55;0;0;0;0;0;0;0;0;0;0;0;0;0;0;0;0;0;0;0;0;0;0;0;0;0;0;0;0;0;0;0;0;0;0;0;0;0;0;0;0;3.888;13;35;nonspam
801;0;0;1.31;0;0;0;0;1.31;0;0;0;0;0;0;0;0;0;0;3.94;0;0;0;0;0;0;0;0;1.31;0;0;0;0;0;0;0;0;0;0;0;0;0;0;0;0;1.31;0;0;0;0;0.279;0;0.139;0;0;2.13;15;49;nonspam
802;0;0;2.27;0;0;0;0;0;0;0;0;0;0;0;0;0;0;0;2.27;0;0;0;0;0;0;0;0;0;0;0;0;0;0;0;0;0;0;0;0;0;0;0;0;0;2.27;0;0;0;0;0.404;0;0.404;0;0;2.076;15;27;nonspam
803;0;0;0;0;0;0;0;0;0;0;0;0;0;0;0;0;0;0;0;0;0;0;0;0;0;0;0;0;0;0;0;0;0;0;0;0;0;0;0;0;0;0;0;0;0;0;0;0;0;0.862;0;0.862;0;0;1;1;3;nonspam
804;0;0;0;0;0;0;0;0;0;0;0;0;0;0;0;0;0;0;0;0;3.03;0;0;0;0;0;3.03;0;0;0;0;0;0;0;0;0;0;0;0;0;0;0;0;0;3.03;0;0;0;0;0.507;0;0;0;0;1.133;3;17;nonspam
805;0;0;0.65;0;0.65;0;0;0;0;0;0;0.65;0;0;0;0;0.65;0;0;0;0;0;0;0;0.65;3.26;0;0;0;0.65;0;0;0;0;0;0;0.65;0;0.65;0;0;0;0.65;0;0.65;0;0;0;0.093;0;0;0.093;0;0;1.705;17;87;nonspam
806;0;0;0;0;0;0;0;2.63;0;0;0;0;0;0;0;0;0;0;0.37;0;0;0;0;0;0;0;0;0;0;0;0;0;0;0;0;0;0.37;0;0.37;0;0.75;0;0.37;0;0.75;1.12;0;0;0;0;0.063;0;0;0;2.023;14;85;nonspam
807;0;0;0;0;0;0;0;3.97;0;0.66;0;0;0;0;0;0;0;0;0;0;0;0;0;0;0;0;0;0;0;0;0;0;0;0;0;0;1.32;0;0;0;1.98;0;0;0;0.66;1.98;0;0;0.11;0.11;0;0;0;0;2.857;19;120;nonspam
808;0;0;0;0;0;0;0;5.88;0;0;0;0;0;0;0;0;0;0;0;0;0;0;0;0;0;0;0;0;0;0;0;0;0;0;0;0;0;0;0;0;0;0;0;0;0;0;0;0;0;0;0;0;0;0;1;1;10;nonspam
809;0;0;0;0;0;0.6;0;0;0;0;0;0;0;0;0;0;0;0;0.6;0;0;0;0;0;3.03;0;0;0;0;0;0;0;0;0;0.6;0;0;0;0;0;0;0;0;0.6;0;0;0;0;0;0.092;0;0;0;0;1.568;9;69;nonspam
810;0.46;0;0;0;0;0;0;0;0;0;0;1.85;0;0;0;0;0;0;0.92;0;0.46;0;0;0;0.92;0;0;0;0;0;0;0;0;0;0.46;0;0.92;0;0;0;0;0;0;0;0;0;0;0;0;0.125;0;0;0;0;1.51;10;74;nonspam
811;0;0;0;0;0;0;0;0;0;0;0;0;0;0;0;0;0;0;0;0;0;0;0;0;0;0;0;0;0;0;0;0;0;0;0;0;0;0;0;0;0;5.26;0;0;0;0;0;0;0;0;0;0;0;0;1;1;7;nonspam
812;0;0;0;0;0;0;0;0;0;0;0;0;0;0;0;0;0;0;0;0;0;0;0;0;0;0;0;0;0;0;0;0;0;0;0;0;0;0;0;0;0;0;0;0;0;0;0;0;0;0;0;0;0;0;1.5;3;6;nonspam
813;0;0;0;0;0;0;0;0.83;0;0;0;0;0;0;0;0;0;0;0;0;0;0;0;0;0.83;0.41;0;0.41;0.41;0;0;0;0;0;0.41;0.41;0.41;0;0;0;0;0;0;0;0;0;0;0;0;0.158;0;0;0;0;1.969;13;130;nonspam
814;0;0;0;0;0;0;0;0;0;0;0;0;0;0;0;0;0;0;0.85;0;0;0;0;0;4.27;3.41;2.56;0.85;0.85;0.85;0.85;0.85;0;0.85;0.85;0.85;0.85;0;0.85;0.85;0;0;0.85;0;0.85;0;0;0;0;0.278;0.139;0;0;0;2.138;12;77;nonspam
815;0;0;0;0;0.67;0;0;0;0;0;0;2.01;0;0;0;0;0;0;1.34;0.67;1.34;0;0;0;0;0;0.67;0;0;0;0;0;0;0;0;0;0;0;0;0;0;0;0;0.67;0.67;0;0;0;0.117;0.117;0;0;0;0;1.222;5;33;nonspam
816;0;0.25;0;0;0;0.25;0;0.5;0;0;0;1.01;0;0;0.25;0;0;0.25;0.25;0;0;0;0;0;0.5;0.25;0;0;0;0.25;0;0;0.25;0;0;0.25;0;0;0;0;0;0.25;0;0;0;0.25;0;0;0;0.073;0;0;0;0;1.545;7;136;nonspam
817;0;0;1.33;0;1.33;0;0;0;0;0;0;0;0;0;0;0;0;0;0;0;1.33;0;0;0;8;8;0;0;0;0;0;0;0;0;0;0;1.33;4;1.33;0;0;4;0;0;0;0;0;0;0.865;0;0.216;0;0;0;1.647;12;28;nonspam
818;0;0.04;0.23;0;0.09;0;0;0.04;0.04;0.04;0.04;0.74;0;0;0;0.13;0.04;0.04;0.93;0;0.65;0;0;0;1.49;0.32;0;0.23;0;0.18;0.18;0;0;0;0.23;0;0.32;0;0.04;0.04;0;0.18;0;0.13;0;0;0;0.04;0.027;0.184;0;0.047;0.061;0;1.686;20;1184;nonspam
819;0;0;3.22;0;3.22;0;0;0;0;0;0;0;0;0;0;0;0;0;0;0;3.22;0;0;0;0;0;0;0;0;0;0;0;0;0;0;0;0;6.45;0;0;0;6.45;0;0;0;0;0;0;0;0;0;0;0;0;1;1;8;nonspam
820;0;0;0.1;0;0.2;0.1;0;0;0;0;0;2.04;0.2;0.1;0;0;0.81;0;0;0;0;0;0.2;0;2.75;0;0;0;0;0;0;0;0;0;0;0.3;0.3;0;0;0;0;0;0;0;0;0;0;0;0.03;0.091;0;0;0;0;2.161;27;575;nonspam
821;0;0;0;0;0;0;0;0;0;1.36;0;0;0;0;0;0;0;0;0;0;0;0;0;0;1.36;1.36;0;2.73;0;0;0;0;0;0;0;1.36;0;0;1.36;0;0;0;0;0;0;0;0;0;0;0.475;0;0;0;0;3.478;11;80;nonspam
822;0;0;0;0;0;0;0;0;0;0;0;1.11;0;0;0;0;0;0;0;0;0;0;0;0;4.44;1.66;0;1.11;0;0;0;0;0;0;1.11;0;0.55;0;0;0;0;0;0;0.55;0;0;0;0;0;0;0;0;0;0;2.018;12;107;nonspam
823;0;0;0.31;0;1.04;0.1;0;0;0;0;0;0.1;0;0;0;0;0;0;0.2;0;0;0;0;0;0.41;0.2;0.52;0.2;0.2;0.2;0.2;0.2;0.41;0.2;0.2;0.2;0.1;1.57;0.1;0.2;0;0.41;0.1;0.1;0.1;0;0;0.1;0.067;0.523;0.016;0;0.016;0.033;2.232;47;393;nonspam
824;0;0;0;0;2.7;0;0;0;0;0;0;0;0;0;0;0;0;0;0;2.7;0;0;0;0;0;0;0;0;0;0;0;0;0;0;0;0;0;0;0;0;0;0;0;2.7;0;0;0;0;0;0;0;0;0;0;1.4;5;14;nonspam
825;0;0;0;0;2.94;0;0;0;0;0;0;0;0;0;0;0;0;0;0;0;0;0;0;0;0;0;2.94;0;0;0;0;0;0;0;0;0;0;0;0;0;0;0;0;0;2.94;0;0;0;0;0;0;0;0;0;1.333;3;16;nonspam
826;0;0;0.28;0;0.84;0;0;0;0;0;0;1.96;0;0;0;0;0;0;0.28;0;0;0;0;0;1.4;0.84;0;0;0;0.84;0;0;0;0;0;0;0.56;0;0;0;0;0;0;0;0.28;0;0;0;0;0;0;0;0;0;1.426;7;97;nonspam
827;0.55;0;0;0;0;0;0;0;0;0.55;0;0;0;0;0;0;0;0;0;0;0;0;0;0;1.11;0.55;1.66;0.55;0.55;0.55;0.55;0.55;0;0.55;0.55;0.55;0.55;0;0.55;0.55;0;0;0.55;0;0.55;0;0;0;0;0.367;0.091;0;0;0;2.117;12;108;nonspam
828;0;0;0;0;0;0;0;0;0;0;0;0;0;0;0;0;0;0;4.34;0;0;0;0;0;0;0.86;2.6;0;0;0;0;0;0;0;0;0;0;0;0;0;0;0;0;0;0.86;0;0;0;0;0.295;0;0;0;0;3.26;42;75;nonspam
829;0;0;0;0;0;0;0;0;0;0;0;0;0;0;0;0;0;0;0;0;0.32;0;0;0;0;0;0;0;0;0;0;0;0;0;0;0;0;0;0;0;0;0;0;0;0.32;0;0;0;0.218;0.218;0;0.054;0;0;2.16;9;108;nonspam
830;0;0;0.78;0;0;0;0;0;0;0;0;0;0.78;0;0;0;0;0;0;0;0.78;0;0;0;0;0;0.78;0;0;0;0;0;0;0;0;0;0;0;0;0;0;0;0;0;0.78;0;0;0;0;0.401;0;0.133;0;0;1.565;4;36;nonspam
831;0;0;0;0;6.25;0;0;0;0;0;0;0;0;0;0;0;0;0;0;0;0;0;0;0;0;0;0;0;0;0;0;0;0;0;0;0;0;0;0;0;0;0;0;0;0;0;0;0;0;0;0;0;0;0;1.5;2;3;nonspam
832;0;0;0.71;0;0.71;0;0;0;0;0;0;0;0;0;0;0;3.57;0;0;0;1.42;0;0;0;0;0;0;0;0;0;0;0;0;0;0;0;0;0;0;0;0;0.71;0;0;0;0;0;0;0;0.055;0;0.055;0;0;15.333;54;138;nonspam
833;0;0;0.82;0;0.82;0;0;0;0;0;0;0.82;0;0;0;0;0.82;0;0;0;0;0;0;0;0;1.65;0;0;0;0.82;0;0;0;0;0;0;0;0;0;0;0;0;0;0;0.82;0;0;0;0;0;0;0.119;0;0;1.272;6;42;nonspam
834;0;0;0;0;0;0;0;0;0;2.43;0;2.43;0;0;0;0;0;0;0;0;2.43;0;0;0;0;0;0;0;0;0;0;0;0;0;0;0;0;0;0;0;0;0;0;0;0;0;0;2.43;0;0;0;0;0;0;5.3;40;53;nonspam
835;0;0;0;0;3.92;0;0;0;0;0;0;0;0;0;0;0;0;0;0;0;0;0;0;0;0;0;0;0;0;0;0;0;0;0;0;0;0;0;0;0;0;1.96;0;1.96;1.96;0;0;0;0;0;0;0.348;0;0;1.312;4;21;nonspam
836;0;0;0.52;0;1.04;0;0;0;0;0;0;1.04;0;0;0;0;0;0;0.52;0;0.52;0;0;0;1.83;1.57;0.52;0.26;0.26;0.26;0.26;0.26;1.3;0.26;0.26;0.26;0.26;0;0.26;0.26;0;0.78;0.26;0.26;0.78;0;0;0.52;0.136;0.182;0.091;0;0.045;0;1.823;13;155;nonspam
837;0;0;0.62;0;0.62;0;0;0;0;0;0;1.25;0;0;0;0;0;0;0.62;0;0.62;0;0;0;1.57;1.57;0.31;0;0;0;0;0;1.57;0;0;0;0.31;0;0.31;0;0;0.94;0;0;0.62;0;0;0.62;0.164;0.109;0.109;0;0.054;0;1.671;13;107;nonspam
838;0;0;0.31;0;0;0;0;0;0;0;0;0.63;0;0;0;0;0;0.31;0;0;0.31;0;0;0;0.63;0.63;0;0.63;0;0.63;0;0;0;0;0.31;0;0.31;0;0;0;0;0;0;0;0;0;0;0;0;0.588;0;0;0;0;3.183;55;191;nonspam
839;0;0;0.11;0;0.11;0;0;0;0;0;0.11;1.02;0;0;0;0;0;0.11;0.11;0;0;0;0;0;0;0;0;0.22;0;0;0;0;0;0;0.22;0;0.22;0;0.11;0.11;0;0.34;0;0;0;1.02;0;0;0.049;0.149;0;0;0;0;1.637;18;511;nonspam
840;0;0;0.71;0;0.71;0;0;0;0;0;0;1.43;0;0;0;0;0;0;0.71;0;0.71;0;0;0;0;0;0.35;0;0;0;0;0;1.79;0;0;0;0;0;0;0;0;0.71;0;0;0.71;0;0;0.71;0;0.125;0.062;0;0.062;0;1.574;6;85;nonspam
841;0;0;0;0;0;0;0;0;0;0;0;0;0;0;0;0;0;0;0;0;0;0;0;0;15.38;0;0;0;0;0;0;0;0;0;0;0;0;0;0;0;0;0;0;0;0;0;0;0;0;0;0;0;0;0;14;53;56;nonspam
842;0;0;0;0;0;0;0;0;0;0;0;0;0;0;0;0;0;0;0;0;0;0;0;0;0;0;0;0;0;0;0;0;0;0;0;0;0;0;0;0;0;0;0;0;0;0;0;5;0;0;0;0;0;0;1.75;3;7;nonspam
843;0;0;0.1;0;0;0;0;0.1;0;0;0.31;0.52;0.1;0;0;0.1;0.1;0;0.1;0;0;0;0.1;0;3.14;0;0;0;0;0;0;0;0;0;0;0.52;0.31;0;0;0.1;0;0;0;0;0;0;0;0.1;0.079;0.142;0;0;0.063;0;2.542;26;605;nonspam
844;0;0;0;0;0;0;0;0;0;0;0;1.4;0;0;0;0;0.7;0;1.4;0;1.4;0;0;0;0;0;0.7;0;0;0;0.7;0;0;0;0;0;0;0;0;2.11;0;0;0;0;0;0;0;0;0;0.267;0.066;0;0;0;17.904;200;376;nonspam
845;0;0;0;0;0;0;0;0;0;0;0;1.16;0;0;0;0;0;0;0;0;1.16;0;0;0;0;0;0;0;0;0;0;0;0;0;0;0;0;0;0;0;0;0;0;0;0;0;0;0;0;0;0;0;0;0;1.866;6;28;nonspam
846;0;0;0;0;0;0;0;0;0;0;0;0;0;0;0;0;0;0;1.81;0;0;0;0;0;3.63;1.81;0;0;0;3.63;0;0;0;0;1.81;0;0;0;0;0;0;0;0;0;0;0;0;0;0;0;0;0;0;0;2.227;11;49;nonspam
847;0;0;0;0;0;0;0;0;0;0;0;0;0.62;0;0;0.62;0;0;1.88;0;0.62;0;0;0;1.25;0.62;0;0;0;0;0;0;0;0;0;0;1.25;0;1.25;0;0;0;1.25;0;0;0;0;0;0.895;0.179;0.358;0;0;0;1.712;13;149;nonspam
848;0;0;0;0;0;1.63;0;0;0;0;0;0;0;0;0;0;0;0;0;0;0;0;0;0;0;0;1.63;0;0;0;0;0;0;0;0;0;0;0;0;0;0;0;0;0;1.63;0;0;0;0;0;0;0;0;0;1.25;4;15;nonspam
849;0;0;0;0;0;0;0;0;0;0;0;0;0;0;0;0;0;0;0.8;0;0;0;0;0.8;0;0;0.8;0;0;0;0;0;0;0;0;0;0;0;0;0;0;0;0;0.8;0.8;0;0;0;0;0;0;0;0.265;0;1.347;3;31;nonspam
850;0;0;0.1;0;0;0;0;0.1;0;0;0.2;0.41;0.1;0;0;0.1;0.1;0;0.1;0;0;0;0.1;0;3.02;0;0;0;0;0;0;0;0;0;0;0.52;0.31;0;0;0.1;0;0;0;0;0;0;0;0.1;0.074;0.134;0;0;0.059;0;2.529;26;597;nonspam
851;0;0;0;0;0;0;0;0;0;0;0;0;0;0;0;0;0;0;1.72;0;0;0;0;0;6.89;3.44;0;0;0;3.44;0;0;0;0;1.72;0;0;0;0;0;0;0;0;0;0;0;0;0;0;0;0;0;0;0;2.16;11;54;nonspam
852;0;0;0;0;0;0;0;0;0;0;0;0;0;0;0;0;0;0;0;0;0;0;0;0;4.65;2.32;2.32;2.32;2.32;2.32;2.32;2.32;0;2.32;2.32;2.32;0;0;0;2.32;0;0;0;0;0;2.32;0;0;0;0.692;0;0;0;0;3.312;11;53;nonspam
853;0;0;0;0;0;0;0;0;0;1.57;0;4.72;0;0;0;0;0;0;1.57;0;0;0;0;0;0.78;0.78;0;1.57;0;0;0;0;0;0;0;0.78;0;0;0;0;0;0;0;0;0;0;0;0;0;0.268;0;0;0;0;2.885;11;101;nonspam
854;0;0;2.56;0;0;0;0;0;0;0;0;1.28;0;0;0;0;0;0;1.28;0;0;0;0;0;0;0;0;0;0;0;0;0;0;0;0;0;0;0;0;0;0;0;0;0;0;0;0;0;0;0.227;0;0;0;0;1.647;7;28;nonspam
855;0;0;0;0;0;0;0;0;0;0;0;1.22;0;0;0;0;0;0.61;0;0;0;0;0;0;0.61;0.61;0;1.22;0;0;0;0;0.61;0;0.61;0;0.61;0;0;0;0;0;0;0.61;0;0.61;0;0;0;0.412;0;0;0;0;2.206;19;128;nonspam
856;0;0.16;0.32;0;0.16;0.16;0;0;0;0;0;0;0;0;0;0;0;0;0;0;0;0;0;0;0.97;1.13;0;0;0;0;0;0;0.8;0;0;0;1.29;0;0;0;0.32;0;0;0;0;1.61;0;0;0.184;0.394;0.131;0;0;0;3.666;20;506;nonspam
857;1.12;0;0;0;0;1.12;0;0;0;0;0;0;0;0;0;0;0;0;0;0;0;0;0;0;0;0;1.12;0;0;0;0;0;0;0;0;0;0;0;0;0;0;0;0;0;1.12;0;0;0;0;0;0;0.204;0;0;1.214;3;34;nonspam
858;0.19;0;0.59;0;0;0;0;0;0;0.39;0;0;0;0;0;0;0;0;2.59;0;0.39;0;0;0;0.79;0.39;0.59;0.39;0.39;0.39;0.39;0.39;0;0.39;0.39;0.39;0.19;0;0;0.39;0;0;0.19;0;1.19;0;0;0;0.093;0.657;0.062;0;0;0.062;2.156;13;207;nonspam
859;0;0;0.87;0;0;0;0;0;0;2.63;0.87;0.87;0;0;0;0;0;0;1.75;0;0;0;0;0;1.75;0.87;2.63;0.87;0.87;0.87;0.87;0.87;0;0.87;0.87;0.87;0.87;0;0.87;0.87;0;0;0.87;0;0.87;0;0;0;0.139;0.976;0;0.139;0;0;1.767;12;76;nonspam
860;0;0;0.6;0;0;0;0;3.04;0;0;0;0.6;0;0;0;0.6;0;0;0.6;0;1.21;0;0;0;1.21;1.82;0;0.6;0;0.6;0;0;0;0;0.6;0.6;1.21;0;1.21;0;0;0;0;0;0;0;0;0;0;0;0;0.077;0;0;3.277;33;177;nonspam
861;0;0;0;0;0;0;0;0;0;0.82;0;0.82;0;0;0;0;0;0;1.65;0;0.82;0;0;0;0;1.65;0;0;0;0;0;0;0;0;0;0;0;0;0;0;0;0;0;0;0.82;0;0;0;0;0.122;0;0;0;0;2.111;19;76;nonspam
862;0;0;0;0;0;0;0;0;0;0;0;0;0;0;0;0;0;0;0;0;0;0;0;0;2.12;6.38;0;0;0;0;0;0;0;0;0;0;2.12;0;0;0;0;0;0;0;0;0;0;0;0;0;0;0;0;0;1.722;7;31;nonspam
863;0;0;0;0;0;0;0;0;0;0;0;1.47;0;0;0;0;0;0;2.2;0;0.73;0;0;0;0.73;0.73;0;0;0;0;0;0;0;0;0;0;0;0;0;0;0;0;0;0;0;0;0;0;0;0;0;0.111;0.223;0;1.76;6;88;nonspam
864;0;0;0;0;0.87;0;0;0;0;0;1.31;0.43;0;0;0;1.75;0;1.31;2.63;0;0.87;0;0;0;0;0;0;0;0;0;0;0;0;0;0;0;0;0;0;0;0;0;0;0;0;0;0;0;0;0.06;0;0.361;0.18;0;1.72;6;86;nonspam
865;0;0;0;0;0;0;0;0;0;0;0;0;0;0;0;0;0;0;0;0;0;0;0;0;0;0;7.69;0;0;0;0;0;0;0;0;0;0;0;0;0;0;0;0;0;0;0;0;0;0;0;0;0;0;0;1;1;4;nonspam
866;0;0;0;0;0;0;0;0;0;0;0;2.94;0;0;0;2.94;0;0;0;0;0;0;0;0;0;0;0;0;0;0;0;0;0;0;0;0;0;0;2.94;0;0;0;0;0;0;0;0;0;0;0;0;0;0;0;1.285;3;9;nonspam
867;0;0;0;0;0;0;0;0;0;0;0;0;0;0;0;0;0;0;0;0;0;0;0;0;0;0;1.16;0;0;0;0;0;0;0;0;0;0;0;0;0;0;0;0;2.32;1.16;0;0;0;0;0.391;0;0;0;0;1.384;4;18;nonspam
868;0;0;0.47;0;0.95;0.47;0;0;0;0;0;0.47;0;0;0;0;0;0;0.95;0;0;0;0;0;0;0.47;0.47;0;0;0;0;0;0;0;0;0;0;0.95;0;0;0;0.47;0;0;0;0;0;0;0;0.073;0;0;0;0;1.884;8;98;nonspam
869;0;0;0;0;0;0;0;0;0;0;0;1.75;0;0;0;0;0;0;3.5;0;3.5;0;0;0;0;0;0;0;0;0;0;0;0;0;0;0;0;0;0;0;0;0;0;0;1.75;0;0;0;0.325;0;0;0;0.651;0;1.125;3;18;nonspam
870;0;0;0;0;0;0;0;0;0;0;0;0;0;0;0;0;0;0;0;0;0;0;0;0;0;0;3.44;0;0;0;0;0;0;0;0;0;0;0;0;0;0;0;0;0;3.44;0;0;0;0;0;0;0;0;0;1;1;8;nonspam
871;0;0;0;0;0.81;0;0;0;0;1.22;0;0.4;0;0;0;0;0;0;0.4;0;0.4;0;0;0;4.08;4.08;0;0;0;1.22;0;0;0;0;0;0;0;0;0;0;0;0;0;0;0;0;0;0;0;0;0;0;0;0;1.754;8;93;nonspam
872;0;0;0;0;0.88;0;0;0;0;2.65;0.88;0;0;0;0;0;0;0;1.76;0;0;0;0;0;1.76;0.88;1.76;0.88;0.88;0.88;0.88;0.88;0;0.88;0.88;0.88;0.88;0;0.88;0.88;0;0;0.88;0;2.65;0;0;0;0.142;0.855;0;0.285;0;0;1.777;12;80;nonspam
873;0;0;0;0;0;0;0;0.83;0;0;0;0;0;0;0;0;0;0;0;0;0;0;0;0;0.83;0.41;0;0.41;0.41;0;0;0;0;0;0.41;0.41;0.41;0;0;0;0;0;0;0;0;0;0;0;0;0.159;0;0;0;0;1.848;13;122;nonspam
874;0;0;0.51;0;0.51;0;0;0;0;0;0;0.51;0;0;0;0;0;0;0;0;0;0;0;0;2.07;2.07;0;0;0;0;0;0;0;0;0;0;1.55;0;0;0;0;0.51;0;0;0;0;0;0.51;0.165;0.497;0;0.082;0;0;3.525;20;208;nonspam
875;0;0;0;0;0;0;0;0;0.13;0;0;0.27;0;0;0;0;0;0;0;0;0;0;0;0;1.38;1.52;0;0;0;0;0;0;1.38;0;0;0;1.25;0;0.27;0;0.69;0;0;0;0;2.63;0.27;0;0.125;0.438;0.146;0;0;0;3.657;35;534;nonspam
876;0;0;0;0;0;0;0;0;0;0;0;0;0;0;0;0;0;0;0;0;0;0;0;0;4.65;2.32;2.32;2.32;2.32;2.32;2.32;2.32;0;2.32;2.32;2.32;0;0;0;2.32;0;0;0;0;0;0;0;0;0;0.757;0;0;0;0;2.5;11;50;nonspam
877;0;0;0;0;0;0;0;0;0;0;0;0;0;0;0;0;0;0;1.75;0;0;0;0;0;3.5;3.5;0;0;0;0;0;0;0;0;1.75;0;0;0;0;0;0;0;0;0;0;0;0;0;0;0;0;0;0;0;1.846;11;48;nonspam
878;0;0;0;0;0.28;0;0;0;0;0;0;0.57;0;0;0;0;0;0.85;0;0;0;0;0;0;5.14;4;2.28;1.14;0.28;1.14;1.14;0.28;0.57;0.28;1.14;1.14;0.28;0;0;0.28;0;0;0.28;0;0.57;0;0;0;0.064;0.292;0.194;0.097;0;0.097;2.291;12;307;nonspam
879;0;0;0;0;0;0;0;0;0;0;0;0;0;0;0;0;0;1.83;5.5;0;0;0;0;0;0;0;0.91;0;0;0;0;0;0;0;0;0;0;0;0;0;0;0;0;0;0.91;0;0;0.91;0;0.175;0;0;0;0;1;1;18;nonspam
880;0;0;0;0;0;0;0;0;0;0;0;0;0;0;0;0;0;0;0;0;0;0;0;0;0;0;3.33;0;0;0;0;0;0;0;0;0;0;0;0;0;0;0;0;0;3.33;0;0;3.33;0;0;0;0;0;0;1;1;6;nonspam
881;0;0.19;0.59;0;0.19;0;0;0;0;0.59;0.39;0.19;0;0.19;0;0;0;0.79;2.79;0;1.99;0;0;0;1.79;0.19;0.39;0.19;0;0;0.59;0.19;0.79;0.19;0.59;0;0;0;0;0;0;0;0;0;0;0;0;0;0;0.203;0.018;0.018;0;0;3.716;47;472;nonspam
882;0;0;0;0;1.15;0.28;0;0;0;0;0;0;0;0;0.28;0;0;0;0;0;0;0;0;0;0;0;0;0;0;0;0;0;0.28;0;0;0;0;0;0;0;0;0;0;0;0;0;0;0;0;0.072;0;0;0;0;1.517;8;88;nonspam
883;0;0;0;0;0;0;0;0;0;0;0;1.29;0;0;0;0;0;0;0;0;0;0;0;0;1.29;3.89;0;0;0;0;0;0;0;0;0;0;0;0;0;0;0;0;0;0;0;0;0;0;0;0;0;0;0;0;1.625;6;26;nonspam
884;0;0;0;0;0.14;0;0;0;0;0;0;1.75;0;0;0;0;0;0;0.29;0;0;0;0;0;0.14;0;0;0.29;0;0.14;0;0;0.14;0;0.14;0;0.14;0.14;0;0;0;0;0;0.29;0;0.14;0;0;0;0.064;0;0.021;0;0;1.715;11;187;nonspam
885;0;0;0;0;1.28;0;0;0;0;2.56;0;0.64;0;0;0;0;0;0;1.92;0;0.64;0;0;0;0.64;0.64;0;0;0;1.92;0;0;0;0;0;0;0.64;0;0;0;0;0;0;0;0;0;0;0;0;0;0;0;0;0;1.536;8;63;nonspam
886;0;0.22;0.22;0;0.45;0;0.22;0;0;1.82;0;0.68;0;0;0;0.68;0.22;0;2.05;0.45;1.59;0;0;0;0;0;0.22;0;0;0;0;0;0;0;0;0;0.91;0;0;0;0;0;0;0;0;0;0;0;0;0.101;0;0.135;0.067;0;2.5;27;210;nonspam
887;0;0;0;0;0;0;0;0;0;1.44;0;0;0;0;0;0;0;0;1.44;0;1.44;0;0;0;2.89;1.44;4.34;1.44;1.44;1.44;1.44;1.44;0;1.44;1.44;1.44;0;0;0;1.44;0;0;0;0;1.44;0;0;0;0;0.417;0;0;0;0;2.166;11;39;nonspam
888;0;0;0;0;0;0;0;0;0;0;0;0;0;0;0;0;0;0;0;0;0;0;0;0;1.78;0;0;0;0;0;0;0;3.57;0;0;0;1.78;0;0;0;0;0;0;0;0;0;0;0;0;0;0;0;0;0;1.406;7;45;nonspam
889;0;0;0;0;0;0;0;0;0;0;0;0;0;0;0;0;0;0;1.56;0;0;0;0;0;0;0;0;0;0;0;0;0;0;0;0;0;0;0;0;0;0;0;0;0;0;0;0;0;0;0;0;0;0;0;5.846;17;76;nonspam
890;0;0;0;0;0;0;0;0;0;0;0;0;0;0;0;0;0;0;0;0;0;0;0;0;0;0;0;0;0;0;0;0;0;0;0;0;0;0;0;0;0;0;0;0;0;0;0;0;3.846;0;0;0;0;0;6.333;17;19;nonspam
891;0;0;0;0;0;0;0;0;0;0.58;0;0;0;0;0;0;0;0;0.58;0;0;0;0;0;0;0;0;0;0;0;0;0;0;0;0;0;0;0;0;0;0;0;0;0;0;0.58;0;0;0;0.083;0;0;0;0;6.096;21;189;nonspam
892;0.24;0;0.24;0;0.24;0;0;0;0;0;0;0;0;0;0;0;0.24;0.24;0.24;0;0;0;0;0.24;0.98;0.73;0;0.49;0;0.24;0;0;0;0;0.24;0;0;0;0;0;0;0;0;0;0;0;0;0;0;0;0;0;0;0;1.831;13;152;nonspam
893;0;0;0;0;0;0;0;0;0;0;0;0;0;0;0;2.22;0;0;2.22;2.22;0;0;0;0;0;0;2.22;0;0;0;0;0;0;0;0;0;0;0;0;0;0;0;0;0;0;0;0;0;0;0;0.374;0;0;0;1.583;8;19;nonspam
894;0;0.25;0.5;0;0;0;0;0;0;0.5;0;0.63;0;0;0;0;0;0;0.38;0;0;0;0;0;0;0;0;0;0;0;0;0;0;0;0;0;0;0;0;0;0;0;0;0;0;0;0;0;0.018;0.129;0.092;0.018;0;0;8.021;66;746;nonspam
895;0;0;1.16;0;1.16;0;0;0;0;0;0;1.16;0;0;0;0;0;0;0;0;0;0;0;0;0;0;0;0;0;0;0;0;0;0;0;0;0;0;0;0;0;1.16;0;0;0;0;0;1.16;0;0.368;0;0.184;0;0;2.833;11;51;nonspam
896;0;0;0;0;0;0;0;0;0;0;0;0;0;0;0;0;0;0;0;0;0;0;0;0;0;0;0;0;0;0;0;0;0;0;0;0;0;0;0;0;0;0;0;0;0;0;0;0;0;0;0;0;0;0;2.5;4;5;nonspam
897;0;0;0;0;0;0;0;0;0;0;0;0;0;0;0;0;0;0;0;0;0;0;0;0;0;0;0;0;0;0;0;0;0;0;0;0;0;0;0;0;0;0;0;0;0;0;0;0;0;0;0;0;0;0;3.888;8;35;nonspam
898;0;0;0;0;0;0.4;0;0;0.4;0.4;0;0;0;0;0.4;0;0;0;1.22;1.22;0.4;0;0;0;0;0.4;0.4;0;0;0.4;0;0;0;0;0;0;0;0;0;0;0;0;0;0.81;0;0.4;0;0;0;0.065;0;0;0;0;1.84;8;81;nonspam
899;0;0;0;0;0;0;0;0;0;0;0;0;0;0;0;0;0;0;0;0;0;0;0;0;0;0;0;0;0;0;0;0;0;0;0;0;0;0;0;0;0;0;0;0;0;0;0;0;0;0;0;0;0;0;3;5;6;nonspam
900;0;0;0;0;0;0;0;0;0;0;0;2.08;0;0;0;0;1.04;0;0;0;0;0;0;0;1.04;0;0;0;0;0;0;0;0;0;0;0;0;0;0;0;0;0;0;0;0;0;0;0;0;0.478;0;0;0;0;3.291;21;79;nonspam
901;0.17;0;0.26;0;0.08;0.08;0;0.08;0.08;0.08;0.17;0.17;0.08;0;0;0.08;0.26;0;1.75;0;1.14;0;0;0;1.93;0.52;0;0.17;0;0;0.26;0;0.17;0;0.26;0.08;0.79;0;0;0;0;0;0;0;0.08;0;0;0;0;0.063;0;0.038;0;0;1.66;20;646;nonspam
902;0;0.18;0.72;0;0.18;0;0;0;0;0;0;0.54;0;0;0;0;0;0.18;0.9;0;0.18;0;0;0;0;0;0;0;0;0;0;0;0;0;0;0;0;0;0.36;0;0;0;0;0;0.18;0.54;0;0;0;0.177;0.059;0.148;0.029;0;1.6;18;256;nonspam
903;2;0;0;0;0;0;0;0;0;0;2;2;0;0;0;0;0;0;2;0;8;0;0;0;0;0;0;0;0;0;0;0;0;0;0;0;0;0;0;0;0;0;0;0;0;0;0;0;0;0;0;0;0;0;5.888;29;53;nonspam
904;0;0;0.11;0;0.22;0.11;0;0;0;0;0;0.99;0.11;0.11;0;0;0.22;0;0;0;0;0;0.11;0;3.21;0.11;0;0;0.33;0;0;0;0.11;0;0;0.88;0.44;0;0.11;0;0;0;0.11;0;0;0;0;0;0.044;0.149;0.014;0;0;0;2.419;27;559;nonspam
905;0;0;0.33;0;0.33;0;0;0;0;0;0;0.33;0;0;0;0;0;0;1.01;0;0.67;0;0;0;1.35;1.01;0.67;0.33;0.33;0.33;0.33;0.33;0.33;0.33;0.33;0.33;0.33;0;0.33;0.33;0;0;0.33;0;1.35;0;0;0;0;0.175;0.058;0;0;0;2.068;12;120;nonspam
906;0;0;0.59;0;0.59;0;0;0;0;0;0;0.59;0;0;0;0;0;0;0.59;0;0.59;0;0;0;0;0;0.59;0;0;0;0;0;0;0;0;0;0;0;0;0;0;0;0;0;0.59;0;0;0;0;0.105;0;0;0;0;1.826;8;42;nonspam
907;0;0;0.3;0;0.61;0;0;0;0;0;0;0;0;0;0;0;0.3;0;0.91;0;0.3;0;0;0;2.44;0.61;0;0;0;0;0;0;0;0;0;0;0.3;1.52;0;0;0;0;0.61;1.22;0;0;0;0;0.301;0.043;0.043;0;0.086;0;2.161;19;227;nonspam
908;0.4;0;0.81;0;0;0.4;0;0;0;0;0;0.81;0;0;0;0;0;0;1.63;0;0.4;0;0;0;0;0;0.81;0;0;0.4;0;0;0;0;0;0;0;0;0;0;0;0;0.4;0;0.4;0;0;0;0;0.071;0;0;0;0;1.156;3;59;nonspam
909;0;0;0;0;0;0;0;0;0;0;0;0;0;0;0;20;0;0;0;0;0;0;0;0;0;0;20;0;0;0;0;0;0;0;0;0;0;0;0;0;0;0;0;0;0;0;0;0;0;0;0;0;0;0;1;1;4;nonspam
910;0;0;0;0;0;0;0;0;0;0;0;0;0;0;0;0;0;0;0;0;0;0;0;0;0;0;33.33;0;0;0;0;0;0;0;0;0;0;0;0;0;0;0;0;0;0;0;0;0;0;0;0;0;0;0;1;1;3;nonspam
911;0;0;0;0;0;0;0;0;0;0;0;0;0;0;0;0;0;0;0;0;0;0;0;0;0;0;0.16;0;0;0;0;0;0;0;0;0;0;0;0;0.16;0.16;0;0;0;0;0;0;0;0;0.76;0.028;0;0;0;3.989;33;738;nonspam
912;0;0;0;0;0;0;0;0;0;0;0;0;0;0;0;0;0;0;0;0;0;0;0;0;0;0;14.28;0;0;0;0;0;0;0;0;0;0;0;0;0;0;0;0;0;0;0;0;0;0;0;0;0;0;0;1;1;7;nonspam
913;0;0;0;0;0;0;0;0;0;0.4;0;0.4;0;0;0;0;0;0;0;0;1.22;0;0;0;0.4;0.4;0;0.81;0;0;0;0;0.81;0;0;0.4;0;0;0;0;0;0;0;0.81;0;0;0;0;0;0.199;0;0;0;0;2.386;11;105;nonspam
914;0;0;0;0;0;0;0;0;0;0;0;0;0;0;0;0;0;0;4.47;0;1.49;0;0;0;0;0;0;0;0;0;0;0;0;0;0;0;0;0;1.49;0;0;0;0;0;0;0;0;1.49;0;0;0;0;0;0;1.785;6;25;nonspam
915;0;0;0;0;0;0;0;0;0;0;0;0;0;0;0;0;0;0;0;0;0;0;0;0;0;0;1.23;0;0;0;0;0;0;0;0;0;0;0;0;0;0;0;0;0;0;0;0;0;0;0;0.186;0;0;0;3.677;28;114;nonspam
916;0;0;0;0;0;0;0;0;0;0;0;0;0;0;0;0;0;0;0;0;0;0;0;0;4.44;2.22;2.22;2.22;2.22;2.22;2.22;2.22;0;2.22;2.22;2.22;0;0;0;2.22;0;0;0;0;0;0;0;0;0;0.735;0;0;0;0;2.45;11;49;nonspam
917;0;0;0;0;0;0;0;0;0;0;0;0;0;0;0;0;0;0;2.08;0;0;0;0;0;0;0;0;0;0;0;0;0;0;0;0;0;0;0;0;0;0;0;0;0;0;0;0;0;0;0;0;0;0;0;1.428;4;10;nonspam
918;0;0;0;0;0;0;0;0;0;1.07;0;0;0;0;0;0;0;0;1.07;0;0;0;0;0;1.07;1.07;2.15;2.15;0;0;0;0;0;0;0;1.07;1.07;0;1.07;0;0;0;1.07;0;2.15;0;0;0;0;0.326;0;0;0;0;2.7;12;108;nonspam
919;0;0;1.14;0;0;0;0;0;0;0;0;2.29;0;0;0;0;0;0;1.14;0;0;0;0;0;0;0;1.14;0;0;0;0;0;0;0;0;0;0;0;0;0;0;0;0;0;0;0;0;0;0;0.209;0;0;0;0;1.833;5;22;nonspam
920;0.08;0;0.16;0;0;0.08;0;0.08;0.73;0;0;0.24;0;0;0;0;0;0;0.32;0;0.16;0;0;0;0.49;0.57;0.08;0;0;0;0;0;0.57;0;0;0;0.16;0;0;0;0;0;0;0;0;0;0;0;0.126;0.172;0.057;0;0.022;0;3.212;44;665;nonspam
921;0.12;0;0.12;0;0.12;0;0;0;1.11;0;0;0.37;0;0;0;0;0;0;0.49;0;0.24;0;0;0;0.62;0.74;0.12;0;0;0;0;0;0.49;0;0;0;0.12;0;0;0;0;0;0;0;0;0;0;0;0.083;0.167;0.033;0;0.033;0;3.211;32;485;nonspam
922;0.06;0;0.06;0;0;0;0;0;0.61;0;0;0.2;0;0;0;0;0;0.06;0.27;0;0.2;0;0;0;0.75;0.81;0.06;0;0;0;0;0;0.27;0;0;0;0.47;0;0;0;0;0;0;0;0;0;0;0;0.173;0.183;0.048;0;0.019;0;2.738;36;827;nonspam
923;0.08;0;0.08;0;0;0;0;0;0.77;0;0;0.25;0;0;0;0;0;0.08;0.34;0;0.25;0;0;0;0.77;0.86;0.08;0;0;0;0;0;0.25;0;0;0;0.43;0;0;0.17;0;0;0;0;0;0;0;0;0.098;0.16;0.037;0;0.024;0;2.634;36;598;nonspam
924;0.07;0.03;0.18;0;0.1;0.03;0;0;0.4;0;0;0.1;0;0;0;0;0;0.03;0.14;0;0.1;0;0;0;0.47;0.5;0.03;0;0;0;0;0;0.76;0;0;0;0.32;0;0;0;0.07;0;0;0;0;0;0;0;0.188;0.148;0.035;0;0.01;0;3.233;66;1387;nonspam
925;0;0;0;0;0;0;0;0;0;0;0;3.27;0;0;0;0;0;0;0;0;0;0;0;0;0;0.81;0;0;0;0;0;0;0;0;0;0;0;0;0;0;0;0;0;0;0;0;0.81;0;0.232;0.116;0;0;0;0;1.976;9;83;nonspam
926;0.23;0;0.47;0;0;0;0.23;0;0;0.47;0;0;0;0;0;0;0;0;1.17;0;0.23;0;0;0;1.64;0.7;0.7;1.17;0.23;0.23;0.23;0.23;0;0.23;0.23;0.7;0.47;0;0.23;0.23;0;0;0.47;0;0.7;0;0;0;0;0.237;0;0;0;0;2.42;12;334;nonspam
927;0;0;0;0;0;0;0;0;0;0.72;0;0;0;0;0;0;0;0;0;0;0;0;0;0;2.18;1.45;0;1.45;0;0;0;0;0;0;0;0.72;0.72;0;0.72;0;0;0;0.72;0;0.72;0;0;0;0;0.467;0.116;0;0;0;2.431;12;124;nonspam
928;0;0;0;0;0;0;0;0;0;0;0;0.54;0.54;0;0;0;0;0;1.09;0;0;0;0;0;0.54;0.54;0.54;0.54;0;0;0;0;0;0;0;0.54;0;0;0;0;0;0;0;0;0;0;0;0;0.102;0.308;0;0;0;0;1.4;10;77;nonspam
929;2.85;0;0;0;0;0;0;0;0;0;0;0;0;0;0;0;2.85;0;0;0;0;0;0;0;0;0;2.85;0;0;0;0;0;0;0;0;0;0;0;0;0;0;2.85;0;0;0;0;0;0;0;0.465;0;0;0;0;1.25;3;10;nonspam
930;0;0;0;0;0;0;0;0;0;0;0;2.23;0;0;0;0;0;0;0.74;0;0;0;0;0.74;0;0.74;0.74;0;0;0;0;0;0;0;0;0;0;0;0;0;0;0;0;1.49;0;0;0;0;0;0;0;0.124;0;0;2.333;31;77;nonspam
931;0;0;0;0;0;0;0;0;0;0;0;0.8;0;0;0;0;0;0;1.61;0;0;0;0;0;1.61;0.8;2.41;0.8;0.8;0.8;0.8;0.8;0;0.8;0.8;0.8;0.8;0;0;0.8;0;0;0.8;0;0.8;0;0;0;0.122;0.366;0;0;0;0;1.853;13;76;nonspam
932;0;0;0;0;0;0;0;0;0;0;0;1.38;0;0;0;0;0;0;2.77;0;0;0;0;0;0;0;1.38;0;0;0;0;0;0;0;0;0;0;0;0;0;0;0;0;0;0;0;0;0;0;0.228;0;0;0;0;1;1;12;nonspam
933;0.04;0.08;0.15;0;0.04;0.04;0;0.04;0.04;0.08;0;0.41;0.06;0;0;0;0.06;0.15;0.6;0;0.34;0;0.02;0;0;0;0;0;0.02;0;0;0;1.67;0;0;0.19;0.82;0.02;0.04;0;0.02;0.02;0.08;0.02;0;0.26;0.04;0.54;0.005;0.213;0.002;0.031;0.039;0.008;2.246;54;3003;nonspam
934;0;0;0.86;0;0;0;0;0;0;0;0;0.86;0;0;0;0;0;0;2.6;0;0.86;0;0;0;0;0;0;0;0;0;0;0;0;0;0;0;0;0;0;0;0;0;0.86;0;0;0;0;0;0;0;0;0.167;0;0;1.5;4;24;nonspam
935;0;0;0;0;0;0;0;0;0;0.45;0;0;0;0;0;0;0;0;0;0;0;0;0;0;0;0;0.45;0;0;0;0;0;0;0;0;0;0;0;0;0;0;0;0;0;0;0;0;0;0;0.217;0.29;0;0;0;4.461;28;290;nonspam
936;0;0;0;0;0;0;0;0;0;1.86;0;1.24;0;0;0;0;0;0;0;0;0;0;0;0;2.48;1.24;1.24;1.86;0.62;0.62;0.62;0.62;0;0.62;0.62;1.24;0;0;0.62;0.62;0;0;0.62;0;0.62;0;0;0;0.189;0.757;0;0;0;0;2.63;16;171;nonspam
937;0;0;0;0;0;3.44;0;0;0;0;0;0;0;3.44;0;0;0;0;0;0;6.89;0;0;0;0;0;3.44;0;0;0;0;0;0;0;0;0;0;0;0;0;0;0;0;0;0;0;0;0;0;0.52;0;0;0;0;1;1;7;nonspam
938;0;0;0.87;0;0;0.14;0;0;0;0;0.14;1.46;0.14;0;0;0.14;0.58;0.43;0.14;0;0.43;0;0;0;1.9;0.58;0;0.29;0.14;0;0;0;0;0;0.29;0;0.29;0;0;0.14;0;0.43;0.14;0;0.14;0;0;0.29;0.019;0.019;0.019;0;0;0;2.174;35;461;nonspam
939;0;0;0.74;0;0;0;0;0;0;0.74;0;0;0.37;0.74;0;0;0.37;0;0.37;0;0.37;0;0;0;0;0;0;0;0;0;0;0;0;0;0;0;1.11;0;0;0;0;0;0;0.37;0;0;0;0;0;0.245;0;0;0;0;4.666;64;196;nonspam
940;0;2.35;0;0;3.52;1.17;0;1.17;0;4.7;0;0;0;0;0;1.17;0;0;1.17;0;1.17;0;0;0;0;0;1.17;0;0;0;0;0;0;0;0;0;0;0;0;0;0;0;0;0;1.17;0;0;0;0;0.192;0;0;0;0;1;1;14;nonspam
941;0;0.17;0;0;0.17;0;0;0.35;0;0;0;0.88;0;0;0;0;1.95;0;0.17;0;0;0;0;0;0.35;0.17;0;0;0;0.17;0;0;0;0;0;0.35;0;0;0;0;0;0;0;0;0.53;0;0;0;0;0.256;0;0;0;0;2.097;14;237;nonspam
942;0;0;0;0;0;0;0;0;0;0.62;0.31;0;0;0;0;0;0;0;0.31;0;0;0;0;0;0.93;0.62;0;0.93;0;0;0;0;0;0;0.31;0;0.93;0;0;0;0.93;0;0.31;0;0;0.62;0;1.86;0;0.122;0.122;0;0.214;0;2.904;20;363;nonspam
943;0;0;0;0;0;0;0;1.78;0;0;0;0;0;1.78;0;0;0;0;0;0;0;0;0;0;0;0;0;0;0;0;0;0;0;0;0;0;0;0;0;0;0;0;3.57;0;0;0;0;0;0;0;0;0;0;0;1.444;5;13;nonspam
944;0;0;0;0;0;0;0;0;0;0;0;0;0;0;0;0;0;0;0;0;0;0;0;0;1.28;1.44;0;0;0;0;0;0;1.44;0;0;0;1.6;0;0;0;2.56;0;0;0;0;3.52;0;0;0.208;0.671;0.092;0;0;0;4.122;20;540;nonspam
945;0;0;1.81;0;0;0;0;0;0;0;0;1.81;0;0;0;0;0;0;0;0;0;0;0;0;0;0;0;0;0;0;0;0;1.81;0;0;0;0;0;0;0;0;3.63;0;0;0;0;0;0;0;0;0.849;0;0;0;2.294;8;39;nonspam
946;0;0;0;0;0;0;0;0;0;0;0;4.34;0;0;0;0;0;0;0;0;0;0;0;0;0;0;0;0;0;0;0;0;0;0;0;0;0;0;0;0;0;2.17;0;0;0;0;0;0;0;0;0;0;0;0;1.928;15;54;nonspam
947;0;0;0;0;0;0;0;0;0;0;0;0;0;0;0;0;0;0;0;0;0;0;0;0;0;0;0;0;0;0;0;0;0;0;0;0;0;0;1.88;0;0;0;1.88;0;0;0;0;0;0;0.647;0;0;0;0;2.8;18;42;nonspam
948;0;0;2.08;0;0;0;0;0;0;0;0;2.08;0;2.08;0;0;0;0;2.08;0;0;0;0;0;0;0;0;0;0;0;0;0;0;0;0;0;0;0;0;0;0;0;0;0;0;0;0;0;0;0;0;0;0;0;1;1;11;nonspam
949;0;0;0;0;0;0;0;0;0;1.05;0;0;0;0;0;0;0;0;0;0;0;0;0;0;0;0;1.05;0;0;0;0;0;0;0;0;0;0;0;0;0;0;0;0;0;0;0;0;0;0;0;0.335;0;0;0;4.133;26;124;nonspam
950;0.09;0;0.36;0;0;0;0;0.09;0;0;0.18;1.01;0.18;0;0;0;0.64;0;0;0;0;0;0;0;2.49;0;0;0;0;0;0;0;0;0;0;0.09;0.18;0;0;0;0;0;0;0;0;0;0;0;0.131;0.209;0;0;0.039;0;2.278;24;629;nonspam
951;0;0;0;0;2.32;0;0;0;0;0;0;0;0;0;0;0.77;0;0;0;0;0;0;0;0;1.55;0.77;0.77;0.77;0.77;0.77;0.77;0.77;0;0.77;0.77;0.77;0;0;0;0.77;0;0;0;0;0;0;0;0;0;0.376;0.125;0;0;0;2.4;11;48;nonspam
952;0;0;0;0;0;0;0;0;0;0;0;0;0;0;0;0;0;0;0;0;0;0;0;0;0;0;0;0;0;0;0;0;0;0;0;0;0;0;0;0;0;0;0;0;0;0;0;0;0;0.17;0;0;0;0;2.094;26;111;nonspam
953;0;0;0;0;0;0;0;0;0;0;0;0.53;0;0;0;0;0;0;0.17;0;0;0;0;0;1.41;1.59;0;0;0;0;0;0;0.17;0;0;0;2.83;0;0;0;2.83;0;0;0;0;3;0;0.17;0.271;0.753;0.12;0;0;0;4.84;20;576;nonspam
954;0;0;0;0;2.38;0;0;0;0;0;0;0;0;0;0;0;0;0;0;0;0;0;0;0;0;0;0;0;0;0;0;0;0;0;0;0;0;0;2.38;0;0;4.76;0;0;0;0;0;0;0;0;0;0;0;0;2.111;6;19;nonspam
955;0;0;0.49;0;0.49;0.49;0;0;0;0.49;0;2.94;0;0;0;0;0;0;0.98;0;0;0;0;0;1.47;0.98;0;0.98;0.49;0;0;0;0.49;0;0;0.49;0;0;0;0;0;0;0;0;0;0;0;0;0;0.166;0;0;0;0;2.234;11;105;nonspam
956;0;0;0;0;0;0;0;0;0;0;0;0;0;0;0;0;0;0;0;0;0;0;0;0;2.12;6.38;0;0;0;0;0;0;0;0;0;0;2.12;0;0;0;0;0;0;0;0;0;0;0;0;0;0;0;0;0;1.666;6;30;nonspam
957;0;1.16;0;0;0;0;0;0;0;0;0;0;0;0;0;0;0;0;1.16;0;0;0;0;0;0;0;1.16;0;0;0;0;0;1.16;0;0;0;0;0;0;0;0;0;0;0;1.16;0;0;0;0.196;0.393;0;0;0;0;1.058;2;18;nonspam
958;0;0;0;0;0.47;0;0;0;0;0;0;0.47;0;0;0;0;1.9;0;0;0;0;0;0;0;1.9;0.95;0;0;0;1.42;0;0;0;0;0;0.47;0;0;0;0;0;0;0;0;0;0;0;0;0;0.217;0;0;0;0;1.677;5;99;nonspam
959;0;0;0;0;0;0;0;0;0;0;0;4.08;0;0;0;0;0;0;0;0;0;0;0;0;0;0;0;0;0;0;0;0;4.08;0;0;0;0;0;0;0;0;0;0;0;0;0;0;0;0;0;0;0.333;0;0;1.666;4;25;nonspam
960;0;0;0;0;0;0;0;0;0;0;0;0;0;0;0;0;0;0;0;0;0;0;0;0;0;0;0;0;0;0;0;0;0;0;0;0;0;0;0;0;0;0;0;0;16.66;0;0;0;0;0;0;8.333;0;0;2;3;8;nonspam
961;0;0;0.28;0;0.28;0;0;0;0;0;0;0.84;0;0;0;0;0;0;0.28;0;0;0;0;0;1.69;0;0;0.56;0;0;0;0;0;0;0.56;2.54;0.28;0;0.28;0;0;0;0;0.28;0;0;0;0;0.217;0.072;0;0;0;0;1.948;55;191;nonspam
962;0;0;0;0;0.32;0;0;0;0.32;0.96;0;1.29;0;0;0.32;0.32;0;0;1.29;0;0;0;0;0;0.64;0.64;0;0;0.32;0;0;0;0;0;0;0.32;0.64;0;0.32;0;0;0;0.32;1.29;0.32;0;0;0;0;0.145;0.048;0;0;0;1.967;18;120;nonspam
963;0;0;0;0;0;0;0;0;0;0;0;0;0;0;0;0;0;0;0;0;0;0;0;0;0;0;0;0;0;0;0;0;0;0;0;0;0;0;0;0;0;0;0;0;4.16;0;0;0;0;0;0;0.632;0;0;1;1;4;nonspam
964;0.33;0;0;0;0.33;0;0;0;0;0;0;0;0;0;0;0;0;0.33;2.01;0;0.33;0;0;0;1.34;1;1.34;0.33;0.33;0.33;0.33;0.33;1.34;0.33;0.33;0.33;0.33;0;0.33;0.33;0;0;0.33;0;0.33;0;0;0;0;0.296;0.059;0;0;0;1.742;12;122;nonspam
965;0;0;0;0;0;0;0;0;0;0;0;0;0;0;0;0;0;0;2.46;0;1.23;0;0;0;0;0;1.23;0;0;0;0;0;0;0;0;0;0;0;0;0;0;0;0;0;0;0;0;0;0;0;0;0;0;0;1.062;2;17;nonspam
966;0;0;1;0;0;0;0;0;0;0.25;0.25;0.5;0;0;0;0;0;0;1;0;0.75;0;0;0;1;0.5;0;0;0.5;0.25;0;0;0;0;0;0;0.75;0;0;0;0;0;0;0;0;0;0;1;0.457;0.294;0;0;0;0;4.379;208;508;nonspam
967;0;0;0;0;0;0;0;0;0;0;0;2.32;0;0;0;0;0;0;2.32;0;0;0;0;0;0;0;0;0;0;0;0;0;0;0;0;0;0;0;0;0;0;0;0;0;0;0;0;0;0.207;0.207;0;0;0;0;1.466;4;22;nonspam
968;0.54;0;0;0;0;0.27;0;0;0;0;0;0;0.54;0;0;0;0;0;3.79;0;0.54;0;0;0;0.27;0;0;0;0;0;0.54;0;0;0;0.27;0;0;0;0;0;0;0;0;0;0;0;0;0;0;0.433;0;0;0.078;0;1.859;18;106;nonspam
969;0.09;0;0.57;0;0;0.09;0;0;0;0;0.09;1.33;0.19;0;0;0.09;0.38;0.28;0.38;0;0.19;0;0;0;4.37;0.57;0.19;0.28;0.19;0.09;0.09;0.09;0;0.09;0.28;0.09;0.19;0;0;0.19;0;0.28;0.09;0;0.28;0;0;0.19;0.21;0.052;0.013;0;0;0;2.731;34;885;nonspam
970;0;0.17;0;0;0.17;0;0;0.35;0;0;0;0.88;0;0;0;0;1.95;0;0.17;0;0;0;0;0;0.35;0.17;0;0;0;0.17;0;0;0;0;0;0.35;0;0;0;0;0;0;0;0;0.53;0;0;0;0;0.256;0;0;0;0;2.053;13;232;nonspam
971;0;0;0;0;0;0;0;0;0;0.58;0;0;0;0;0;0;0;0;1.17;0;1.17;0;0;0;0;0;0;0;0.58;0;0;0;0;0;0;0;0;0;0;0;0;0;0;0;0;0;0;0;0;0.817;0;0;0;0;1.64;5;146;nonspam
972;0;0;0;0;0;0;0;0;0;0;0;1.62;0;0;0;0;0;0;0;0;0;0;0;0;0;0;0;0;0;0;0;0;0;0;0;0.81;0;0;0;0;0;0;0;0;0;0;0;0;0;0;0;0;0;0;1.578;5;60;nonspam
973;0;0;0;0;0;0;0;0;0;0;0;0;0;0;0;0;0;0;2.7;0;0;0;0;0;0;0;0;0;0;0;0;0;0;0;0;0;0;0;0;0;0;0;0;0;0;0;0;0;0;0.476;0;0;0;0;1.285;3;18;nonspam
974;0;0;0;0;0;0;0;0;0;0;0;0;0;0;0;0;0;0;0.95;0;0;0;0;0;0.95;0;0;0;0;0;0;0;0.95;0;0;0;0;0;0;0;0;0;0;1.9;0;0;0;0;0.263;0.394;0;0;0;0;2.142;5;45;nonspam
975;0;0;0;0;0;0;0;0;0;0;0;0;0;0;0;0;0;0;0;0;0;0;0;0;0;0;4;0;0;0;0;0;0;0;0;0;0;0;0;0;0;0;0;0;0;0;0;0;0;0;0;0;0;0;1.222;2;11;nonspam
976;0;0;4.34;0;0;0;0;0;0;0;0;0;0;0;0;0;0;0;0;0;0;0;0;0;0;0;0;0;0;0;0;0;0;0;0;0;0;0;0;0;0;0;0;0;0;0;0;0;0;0;0;1.342;0;0;1.2;2;12;nonspam
977;0;0;0.87;0;0;0.17;0;0;0;0;0.17;1.74;0.17;0;0;0.17;0.69;0.52;0.17;0;0.17;0;0;0;1.21;0.52;0;0.34;0.17;0;0;0;0;0;0.34;0;0.17;0;0;0.17;0;0.52;0;0;0.17;0;0;0.34;0.022;0.022;0;0;0;0;1.601;11;277;nonspam
978;0.06;0;0.18;0;0.12;0.12;0;0;0.06;0.18;0;0.55;0.06;0;0;0.06;0.12;0.06;0.93;0.06;1.05;0;0;0;0.93;0.43;0;0;0;0.18;0.18;0;0;0;0.31;0;0.49;0;0;0.06;0;0;0;0.12;0;0;0;0.24;0;0.182;0;0.1;0.109;0;2.062;21;1056;nonspam
979;0;0;1.26;0;0;0;0;0;0;0;0;0;0;0;0;0;0;1.26;0;0;0;0;0;0;2.53;1.26;0;1.26;0;1.26;1.26;0;0;0;1.26;1.26;0;0;0;0;0;0;0;0;0;0;0;0;0;0.149;0;0.149;0;0;1.423;10;37;nonspam
980;0;0;0;0;0;0;0;0;0;0.8;0;0;0;0;0;1.61;0;0;0.8;0;0.8;0;0;0;0.8;0;0;0;0;0;0.8;0;0.8;0;0;0;0;0;0;0;0;0;0;0;0;0;0;0;0;0.089;0;0;0;0;2.405;28;89;nonspam
981;0;0.85;0.42;0;0;0;0;1.28;0;0;0;0.42;0;0;0;0;0;0.42;1.28;0;0;0;0;0;2.14;1.28;0;0.42;0;0.42;0.42;0;0;0;0.42;0.42;0;0;0;0;0;0;0;0;0;0;0;0;0;0.112;0;0.056;0;0;1.602;14;125;nonspam
982;0;0;0;0;0;0;0;0;0;0;0;0;0;0;0.44;0;0;0.44;0;0;0;0;0;0;0.44;0.44;0;0.88;0;0;0;0;0;0;0.44;0;0;0;0;0;0;0;0;0.44;0;0;0;0;0;0.119;0;0;0;0;1.842;15;105;nonspam
983;0;0;0.51;0;0.17;0.17;0;0;0;0;0;0;0.17;0;0;0;0;0;1.19;0;1.02;0;0;0;2.9;0;0;0;0;0;0.34;0;0;0;0;0;0.34;0;0;0;0;0;0.17;0;0;0;0;0;0.026;0.156;0;0.078;0;0;1.748;13;299;nonspam
984;0;0;0;0;0;0;0;0;0;0;0;0;0;0;0;0;0;0;0;0;0;0;0;0;0;0;0;0;0;0;0;0;0;0;0;0;0;0;0;0;0;0;0;0;0;0;0;0;0;0;0;0;0;0;1.166;2;7;nonspam
985;0;0;0;0;0;0;0;0;0;0;0;0;0;0;0;0;0;0;0;0;0;0;0;0;0;0;0;0;0;0;0;0;0;0;0;0;0;0;0;0;0;0;0;0;0;0;0;0;0;0;0;0;0;0;1.166;2;7;nonspam
986;0;0.22;0;0;0.22;0;0;0.22;0;0.45;0;0.22;0;1.59;0;0;0.22;0;1.36;0;0;0;0;0;0.68;0;0.22;0;0;0;0.22;0;0;0;0.22;0;0.45;0;0;0;0;0;0;0;0;0;0;0;0;0.053;0;0;0;0;4.964;152;705;nonspam
987;0;0;0.8;0;0;0;0;0;0;0;0;0;0;0;0;0;0;0;1.6;0;0;0;0;0;2.4;1.6;0;0.8;0;0;0;0;1.6;0;0.8;0;0;0;0;0;0;0;0;0;0.8;0;0;0;0;0.371;0.123;0;0;0;2.44;10;61;nonspam
988;0;0;1.09;0;1.09;0;0;0;0;0;0;1.09;0;0;0;0;0;0;3.29;0;0;0;0;0;0;0;1.09;0;0;0;0;0;0;0;0;0;0;0;0;0;0;0;0;0;0;0;0;0;0.434;0.217;0;0;0;0;1;1;18;nonspam
989;0;0;0;0;0;0;0;0;0;0;0;2.56;0;0;0;0;0;0;0;0;0;0;0;0;0;0;0;0;0;0;0;0;0;0;0;0;0;0;0;0;0;0;0;0;0;0;0;2.56;0;0;0;0.485;0;0;3.444;15;31;nonspam
990;0;0;0;0;0;0;0;0;0;0.74;0;0;0;0;0;0;0;0;0.74;0;0;0;0;0;0.74;0.74;0;1.48;0;0;0;0;0;0;0;0.74;0;0;0;0;0;0;0;0;0.74;0;0;0;0;0.257;0;0;0;0;2.638;11;95;nonspam
991;0;0;0;0;0;0;0;0;0;0;0;0;0;0;0;0;0;0;0;0;0;0;0;0;0;0;4.54;0;0;0;0;0;0;0;0;0;0;0;0;0;0;0;0;0;0;0;0;0;0;0;0;0;0;0;1.545;6;17;nonspam
992;0;0;0;0;0;0;0;0;0;0;0;0;0;0.87;0;0;0;0;0.87;0;0;0;0;0;0;0;0;0;0;0;0;0;0;0;0;0;0;0;0;0;0;0;0;0;0.87;0;0;0;0.327;0.327;0;0;0;0;1.3;3;26;nonspam
993;0;0;0;0;0;0;0;0;0;0;0;4.22;0;0;0;0;0;0;0;0;1.4;0;0;0;0;2.81;0;0;0;0;0;0;0;0;0;0;0;0;0;0;0;2.81;0;0;0;0;0;0;0;0;0;0;0;0;3.153;38;82;nonspam
994;0;0;0;0;0;0;0;4.23;0;0;0;0;0;0;0;0;0.84;0;0;0;0;0;0;0;0;0;0;0;0;0;0;0;0;0;0;0;0.84;0;0.84;0;1.69;0;0.84;0;0.84;1.69;0;0;0;0;0.126;0;0;0;1.605;12;61;nonspam
995;0;0;0;0;0;0;0;4.68;0;0;0;0;0;0;0;0;1.56;0;0;0;0;0;0;0;0;0;0;0;0;0;0;0;0;0;0;0;0;0;0;0;0;0;0;0;0;0;0;0;0;0;0;0;0;0;1.153;3;15;nonspam
996;0.07;0;0.23;0;0.15;0;0;0.07;0;0.07;0.15;1.84;0.07;0;0;0;0.15;0;0.23;0.23;0;0;0.23;0;2.61;0;0;0;0;0;0;0;0;0;0;0.07;0.07;0.07;0;0;0;0;0;0.15;0;0;0;0;0.011;0.143;0;0;0.044;0;2.442;26;591;nonspam
997;0;0;0;0;0;0;0;0;0;0;0;0;0;0;0;0;0;0;0;0;0;0;0;0;6;4;0;0;0;0;0;0;0;0;0;0;1;0;0;0;0;1;0;0;0;0;0;1;0.343;0;0.171;0;0;0;1.725;13;69;nonspam
998;0;0;0;0;0;0;0;0;0;0;0;0;0;0;0;0;0;0;0;0;0;0;0;0;0;0;20;0;0;0;0;0;0;0;0;0;0;0;0;0;0;0;0;0;0;0;0;0;0;0;0;0;0;0;1;1;5;nonspam
999;0;0;0;0;0;0;0;0;0;0;0;0.33;0.33;0;0;0;0;0;1;0;0.33;0;0;0;8.69;4.68;0;0;0;0.33;0.33;0;0;0;0;0;0.66;0;0.33;0;1.33;0;0;0;0;0;0;0;1.001;0;0;0;0;0;2.701;20;181;nonspam
1000;0;0;0;0;0;0;0;0;0;0;0;0;0;0;0;0;0;0;0;0;0;0;0;0;0;0;20;0;0;0;0;0;0;0;0;0;0;0;0;0;0;0;0;0;0;0;0;0;0;0;0;0;0;0;2;5;8;nonspam
